,UNIT1T,SOURCE_THAI1,TABLE_DESC_THAI,DIM_ปี,ภาค,จังหวัด,กลุ่มอายุแม่,เพศบุตร,ลำดับที่ของบุตร,จำนวน,DIM_ID,DIM_ID,กลุ่มอายุแม่
0,คน,สำนักงานปลัดกระทรวงสาธารณสุข กระทรวงสาธารณสุข,จำนวนการเกิดมีชีพ จำแนกตาม กลุ่มอายุมารดา ลำดับบุตรที่เกิด เพศบุตร พ.ศ.,2558,ทั่วราชอาณาจักร,ทั่วราชอาณาจักร,รวม,รวม,รวม,679502,1788000000,303000000,รวม
1,คน,สำนักงานปลัดกระทรวงสาธารณสุข กระทรวงสาธารณสุข,จำนวนการเกิดมีชีพ จำแนกตาม กลุ่มอายุมารดา ลำดับบุตรที่เกิด เพศบุตร พ.ศ.,2558,ทั่วราชอาณาจักร,ทั่วราชอาณาจักร,รวม,รวม,1,371660,1788000000,303000000,รวม
2,คน,สำนักงานปลัดกระทรวงสาธารณสุข กระทรวงสาธารณสุข,จำนวนการเกิดมีชีพ จำแนกตาม กลุ่มอายุมารดา ลำดับบุตรที่เกิด เพศบุตร พ.ศ.,2558,ทั่วราชอาณาจักร,ทั่วราชอาณาจักร,รวม,รวม,2,218269,1788000000,303000000,รวม
3,คน,สำนักงานปลัดกระทรวงสาธารณสุข กระทรวงสาธารณสุข,จำนวนการเกิดมีชีพ จำแนกตาม กลุ่มอายุมารดา ลำดับบุตรที่เกิด เพศบุตร พ.ศ.,2558,ทั่วราชอาณาจักร,ทั่วราชอาณาจักร,รวม,รวม,3,65072,1788000000,303000000,รวม
4,คน,สำนักงานปลัดกระทรวงสาธารณสุข กระทรวงสาธารณสุข,จำนวนการเกิดมีชีพ จำแนกตาม กลุ่มอายุมารดา ลำดับบุตรที่เกิด เพศบุตร พ.ศ.,2558,ทั่วราชอาณาจักร,ทั่วราชอาณาจักร,รวม,รวม,4,15937,1788000000,303000000,รวม
5,คน,สำนักงานปลัดกระทรวงสาธารณสุข กระทรวงสาธารณสุข,จำนวนการเกิดมีชีพ จำแนกตาม กลุ่มอายุมารดา ลำดับบุตรที่เกิด เพศบุตร พ.ศ.,2558,ทั่วราชอาณาจักร,ทั่วราชอาณาจักร,รวม,รวม,5,4823,1788000000,303000000,รวม
6,คน,สำนักงานปลัดกระทรวงสาธารณสุข กระทรวงสาธารณสุข,จำนวนการเกิดมีชีพ จำแนกตาม กลุ่มอายุมารดา ลำดับบุตรที่เกิด เพศบุตร พ.ศ.,2558,ทั่วราชอาณาจักร,ทั่วราชอาณาจักร,รวม,รวม,6,1835,1788000000,303000000,รวม
7,คน,สำนักงานปลัดกระทรวงสาธารณสุข กระทรวงสาธารณสุข,จำนวนการเกิดมีชีพ จำแนกตาม กลุ่มอายุมารดา ลำดับบุตรที่เกิด เพศบุตร พ.ศ.,2558,ทั่วราชอาณาจักร,ทั่วราชอาณาจักร,รวม,รวม,7,769,1788000000,303000000,รวม
8,คน,สำนักงานปลัดกระทรวงสาธารณสุข กระทรวงสาธารณสุข,จำนวนการเกิดมีชีพ จำแนกตาม กลุ่มอายุมารดา ลำดับบุตรที่เกิด เพศบุตร พ.ศ.,2558,ทั่วราชอาณาจักร,ทั่วราชอาณาจักร,รวม,รวม,8,411,1788000000,303000000,รวม
9,คน,สำนักงานปลัดกระทรวงสาธารณสุข กระทรวงสาธารณสุข,จำนวนการเกิดมีชีพ จำแนกตาม กลุ่มอายุมารดา ลำดับบุตรที่เกิด เพศบุตร พ.ศ.,2558,ทั่วราชอาณาจักร,ทั่วราชอาณาจักร,รวม,รวม,9,178,1788000000,303000000,รวม
10,คน,สำนักงานปลัดกระทรวงสาธารณสุข กระทรวงสาธารณสุข,จำนวนการเกิดมีชีพ จำแนกตาม กลุ่มอายุมารดา ลำดับบุตรที่เกิด เพศบุตร พ.ศ.,2558,ทั่วราชอาณาจักร,ทั่วราชอาณาจักร,รวม,รวม,10,92,1788000000,303000000,รวม
11,คน,สำนักงานปลัดกระทรวงสาธารณสุข กระทรวงสาธารณสุข,จำนวนการเกิดมีชีพ จำแนกตาม กลุ่มอายุมารดา ลำดับบุตรที่เกิด เพศบุตร พ.ศ.,2558,ทั่วราชอาณาจักร,ทั่วราชอาณาจักร,รวม,รวม,11,51,1788000000,303000000,รวม
12,คน,สำนักงานปลัดกระทรวงสาธารณสุข กระทรวงสาธารณสุข,จำนวนการเกิดมีชีพ จำแนกตาม กลุ่มอายุมารดา ลำดับบุตรที่เกิด เพศบุตร พ.ศ.,2558,ทั่วราชอาณาจักร,ทั่วราชอาณาจักร,รวม,รวม,12,16,1788000000,303000000,รวม
13,คน,สำนักงานปลัดกระทรวงสาธารณสุข กระทรวงสาธารณสุข,จำนวนการเกิดมีชีพ จำแนกตาม กลุ่มอายุมารดา ลำดับบุตรที่เกิด เพศบุตร พ.ศ.,2558,ทั่วราชอาณาจักร,ทั่วราชอาณาจักร,รวม,รวม,13,8,1788000000,303000000,รวม
14,คน,สำนักงานปลัดกระทรวงสาธารณสุข กระทรวงสาธารณสุข,จำนวนการเกิดมีชีพ จำแนกตาม กลุ่มอายุมารดา ลำดับบุตรที่เกิด เพศบุตร พ.ศ.,2558,ทั่วราชอาณาจักร,ทั่วราชอาณาจักร,รวม,รวม,ไม่ทราบ,175,1788000000,303000000,รวม
15,คน,สำนักงานปลัดกระทรวงสาธารณสุข กระทรวงสาธารณสุข,จำนวนการเกิดมีชีพ จำแนกตาม กลุ่มอายุมารดา ลำดับบุตรที่เกิด เพศบุตร พ.ศ.,2558,ทั่วราชอาณาจักร,ทั่วราชอาณาจักร,รวม,ชาย,รวม,348913,1788000000,303000000,รวม
16,คน,สำนักงานปลัดกระทรวงสาธารณสุข กระทรวงสาธารณสุข,จำนวนการเกิดมีชีพ จำแนกตาม กลุ่มอายุมารดา ลำดับบุตรที่เกิด เพศบุตร พ.ศ.,2558,ทั่วราชอาณาจักร,ทั่วราชอาณาจักร,รวม,ชาย,1,190960,1788000000,303000000,รวม
17,คน,สำนักงานปลัดกระทรวงสาธารณสุข กระทรวงสาธารณสุข,จำนวนการเกิดมีชีพ จำแนกตาม กลุ่มอายุมารดา ลำดับบุตรที่เกิด เพศบุตร พ.ศ.,2558,ทั่วราชอาณาจักร,ทั่วราชอาณาจักร,รวม,ชาย,2,112024,1788000000,303000000,รวม
18,คน,สำนักงานปลัดกระทรวงสาธารณสุข กระทรวงสาธารณสุข,จำนวนการเกิดมีชีพ จำแนกตาม กลุ่มอายุมารดา ลำดับบุตรที่เกิด เพศบุตร พ.ศ.,2558,ทั่วราชอาณาจักร,ทั่วราชอาณาจักร,รวม,ชาย,3,33342,1788000000,303000000,รวม
19,คน,สำนักงานปลัดกระทรวงสาธารณสุข กระทรวงสาธารณสุข,จำนวนการเกิดมีชีพ จำแนกตาม กลุ่มอายุมารดา ลำดับบุตรที่เกิด เพศบุตร พ.ศ.,2558,ทั่วราชอาณาจักร,ทั่วราชอาณาจักร,รวม,ชาย,4,8166,1788000000,303000000,รวม
20,คน,สำนักงานปลัดกระทรวงสาธารณสุข กระทรวงสาธารณสุข,จำนวนการเกิดมีชีพ จำแนกตาม กลุ่มอายุมารดา ลำดับบุตรที่เกิด เพศบุตร พ.ศ.,2558,ทั่วราชอาณาจักร,ทั่วราชอาณาจักร,รวม,ชาย,5,2540,1788000000,303000000,รวม
21,คน,สำนักงานปลัดกระทรวงสาธารณสุข กระทรวงสาธารณสุข,จำนวนการเกิดมีชีพ จำแนกตาม กลุ่มอายุมารดา ลำดับบุตรที่เกิด เพศบุตร พ.ศ.,2558,ทั่วราชอาณาจักร,ทั่วราชอาณาจักร,รวม,ชาย,6,917,1788000000,303000000,รวม
22,คน,สำนักงานปลัดกระทรวงสาธารณสุข กระทรวงสาธารณสุข,จำนวนการเกิดมีชีพ จำแนกตาม กลุ่มอายุมารดา ลำดับบุตรที่เกิด เพศบุตร พ.ศ.,2558,ทั่วราชอาณาจักร,ทั่วราชอาณาจักร,รวม,ชาย,7,374,1788000000,303000000,รวม
23,คน,สำนักงานปลัดกระทรวงสาธารณสุข กระทรวงสาธารณสุข,จำนวนการเกิดมีชีพ จำแนกตาม กลุ่มอายุมารดา ลำดับบุตรที่เกิด เพศบุตร พ.ศ.,2558,ทั่วราชอาณาจักร,ทั่วราชอาณาจักร,รวม,ชาย,8,209,1788000000,303000000,รวม
24,คน,สำนักงานปลัดกระทรวงสาธารณสุข กระทรวงสาธารณสุข,จำนวนการเกิดมีชีพ จำแนกตาม กลุ่มอายุมารดา ลำดับบุตรที่เกิด เพศบุตร พ.ศ.,2558,ทั่วราชอาณาจักร,ทั่วราชอาณาจักร,รวม,ชาย,9,95,1788000000,303000000,รวม
25,คน,สำนักงานปลัดกระทรวงสาธารณสุข กระทรวงสาธารณสุข,จำนวนการเกิดมีชีพ จำแนกตาม กลุ่มอายุมารดา ลำดับบุตรที่เกิด เพศบุตร พ.ศ.,2558,ทั่วราชอาณาจักร,ทั่วราชอาณาจักร,รวม,ชาย,10,44,1788000000,303000000,รวม
26,คน,สำนักงานปลัดกระทรวงสาธารณสุข กระทรวงสาธารณสุข,จำนวนการเกิดมีชีพ จำแนกตาม กลุ่มอายุมารดา ลำดับบุตรที่เกิด เพศบุตร พ.ศ.,2558,ทั่วราชอาณาจักร,ทั่วราชอาณาจักร,รวม,ชาย,11,25,1788000000,303000000,รวม
27,คน,สำนักงานปลัดกระทรวงสาธารณสุข กระทรวงสาธารณสุข,จำนวนการเกิดมีชีพ จำแนกตาม กลุ่มอายุมารดา ลำดับบุตรที่เกิด เพศบุตร พ.ศ.,2558,ทั่วราชอาณาจักร,ทั่วราชอาณาจักร,รวม,ชาย,12,8,1788000000,303000000,รวม
28,คน,สำนักงานปลัดกระทรวงสาธารณสุข กระทรวงสาธารณสุข,จำนวนการเกิดมีชีพ จำแนกตาม กลุ่มอายุมารดา ลำดับบุตรที่เกิด เพศบุตร พ.ศ.,2558,ทั่วราชอาณาจักร,ทั่วราชอาณาจักร,รวม,ชาย,13,3,1788000000,303000000,รวม
29,คน,สำนักงานปลัดกระทรวงสาธารณสุข กระทรวงสาธารณสุข,จำนวนการเกิดมีชีพ จำแนกตาม กลุ่มอายุมารดา ลำดับบุตรที่เกิด เพศบุตร พ.ศ.,2558,ทั่วราชอาณาจักร,ทั่วราชอาณาจักร,รวม,ชาย,ไม่ทราบ,101,1788000000,303000000,รวม
30,คน,สำนักงานปลัดกระทรวงสาธารณสุข กระทรวงสาธารณสุข,จำนวนการเกิดมีชีพ จำแนกตาม กลุ่มอายุมารดา ลำดับบุตรที่เกิด เพศบุตร พ.ศ.,2558,ทั่วราชอาณาจักร,ทั่วราชอาณาจักร,รวม,หญิง,รวม,330589,1788000000,303000000,รวม
31,คน,สำนักงานปลัดกระทรวงสาธารณสุข กระทรวงสาธารณสุข,จำนวนการเกิดมีชีพ จำแนกตาม กลุ่มอายุมารดา ลำดับบุตรที่เกิด เพศบุตร พ.ศ.,2558,ทั่วราชอาณาจักร,ทั่วราชอาณาจักร,รวม,หญิง,1,180700,1788000000,303000000,รวม
32,คน,สำนักงานปลัดกระทรวงสาธารณสุข กระทรวงสาธารณสุข,จำนวนการเกิดมีชีพ จำแนกตาม กลุ่มอายุมารดา ลำดับบุตรที่เกิด เพศบุตร พ.ศ.,2558,ทั่วราชอาณาจักร,ทั่วราชอาณาจักร,รวม,หญิง,2,106245,1788000000,303000000,รวม
33,คน,สำนักงานปลัดกระทรวงสาธารณสุข กระทรวงสาธารณสุข,จำนวนการเกิดมีชีพ จำแนกตาม กลุ่มอายุมารดา ลำดับบุตรที่เกิด เพศบุตร พ.ศ.,2558,ทั่วราชอาณาจักร,ทั่วราชอาณาจักร,รวม,หญิง,3,31730,1788000000,303000000,รวม
34,คน,สำนักงานปลัดกระทรวงสาธารณสุข กระทรวงสาธารณสุข,จำนวนการเกิดมีชีพ จำแนกตาม กลุ่มอายุมารดา ลำดับบุตรที่เกิด เพศบุตร พ.ศ.,2558,ทั่วราชอาณาจักร,ทั่วราชอาณาจักร,รวม,หญิง,4,7771,1788000000,303000000,รวม
35,คน,สำนักงานปลัดกระทรวงสาธารณสุข กระทรวงสาธารณสุข,จำนวนการเกิดมีชีพ จำแนกตาม กลุ่มอายุมารดา ลำดับบุตรที่เกิด เพศบุตร พ.ศ.,2558,ทั่วราชอาณาจักร,ทั่วราชอาณาจักร,รวม,หญิง,5,2283,1788000000,303000000,รวม
36,คน,สำนักงานปลัดกระทรวงสาธารณสุข กระทรวงสาธารณสุข,จำนวนการเกิดมีชีพ จำแนกตาม กลุ่มอายุมารดา ลำดับบุตรที่เกิด เพศบุตร พ.ศ.,2558,ทั่วราชอาณาจักร,ทั่วราชอาณาจักร,รวม,หญิง,6,918,1788000000,303000000,รวม
37,คน,สำนักงานปลัดกระทรวงสาธารณสุข กระทรวงสาธารณสุข,จำนวนการเกิดมีชีพ จำแนกตาม กลุ่มอายุมารดา ลำดับบุตรที่เกิด เพศบุตร พ.ศ.,2558,ทั่วราชอาณาจักร,ทั่วราชอาณาจักร,รวม,หญิง,7,395,1788000000,303000000,รวม
38,คน,สำนักงานปลัดกระทรวงสาธารณสุข กระทรวงสาธารณสุข,จำนวนการเกิดมีชีพ จำแนกตาม กลุ่มอายุมารดา ลำดับบุตรที่เกิด เพศบุตร พ.ศ.,2558,ทั่วราชอาณาจักร,ทั่วราชอาณาจักร,รวม,หญิง,8,202,1788000000,303000000,รวม
39,คน,สำนักงานปลัดกระทรวงสาธารณสุข กระทรวงสาธารณสุข,จำนวนการเกิดมีชีพ จำแนกตาม กลุ่มอายุมารดา ลำดับบุตรที่เกิด เพศบุตร พ.ศ.,2558,ทั่วราชอาณาจักร,ทั่วราชอาณาจักร,รวม,หญิง,9,83,1788000000,303000000,รวม
40,คน,สำนักงานปลัดกระทรวงสาธารณสุข กระทรวงสาธารณสุข,จำนวนการเกิดมีชีพ จำแนกตาม กลุ่มอายุมารดา ลำดับบุตรที่เกิด เพศบุตร พ.ศ.,2558,ทั่วราชอาณาจักร,ทั่วราชอาณาจักร,รวม,หญิง,10,48,1788000000,303000000,รวม
41,คน,สำนักงานปลัดกระทรวงสาธารณสุข กระทรวงสาธารณสุข,จำนวนการเกิดมีชีพ จำแนกตาม กลุ่มอายุมารดา ลำดับบุตรที่เกิด เพศบุตร พ.ศ.,2558,ทั่วราชอาณาจักร,ทั่วราชอาณาจักร,รวม,หญิง,11,26,1788000000,303000000,รวม
42,คน,สำนักงานปลัดกระทรวงสาธารณสุข กระทรวงสาธารณสุข,จำนวนการเกิดมีชีพ จำแนกตาม กลุ่มอายุมารดา ลำดับบุตรที่เกิด เพศบุตร พ.ศ.,2558,ทั่วราชอาณาจักร,ทั่วราชอาณาจักร,รวม,หญิง,12,8,1788000000,303000000,รวม
43,คน,สำนักงานปลัดกระทรวงสาธารณสุข กระทรวงสาธารณสุข,จำนวนการเกิดมีชีพ จำแนกตาม กลุ่มอายุมารดา ลำดับบุตรที่เกิด เพศบุตร พ.ศ.,2558,ทั่วราชอาณาจักร,ทั่วราชอาณาจักร,รวม,หญิง,13,5,1788000000,303000000,รวม
44,คน,สำนักงานปลัดกระทรวงสาธารณสุข กระทรวงสาธารณสุข,จำนวนการเกิดมีชีพ จำแนกตาม กลุ่มอายุมารดา ลำดับบุตรที่เกิด เพศบุตร พ.ศ.,2558,ทั่วราชอาณาจักร,ทั่วราชอาณาจักร,รวม,หญิง,ไม่ทราบ,74,1788000000,303000000,รวม
45,คน,สำนักงานปลัดกระทรวงสาธารณสุข กระทรวงสาธารณสุข,จำนวนการเกิดมีชีพ จำแนกตาม กลุ่มอายุมารดา ลำดับบุตรที่เกิด เพศบุตร พ.ศ.,2558,ทั่วราชอาณาจักร,ทั่วราชอาณาจักร,น้อยกว่า 15,รวม,รวม,2973,1788000001,303000000,รวม
46,คน,สำนักงานปลัดกระทรวงสาธารณสุข กระทรวงสาธารณสุข,จำนวนการเกิดมีชีพ จำแนกตาม กลุ่มอายุมารดา ลำดับบุตรที่เกิด เพศบุตร พ.ศ.,2558,ทั่วราชอาณาจักร,ทั่วราชอาณาจักร,น้อยกว่า 15,รวม,1,2934,1788000001,303000000,รวม
47,คน,สำนักงานปลัดกระทรวงสาธารณสุข กระทรวงสาธารณสุข,จำนวนการเกิดมีชีพ จำแนกตาม กลุ่มอายุมารดา ลำดับบุตรที่เกิด เพศบุตร พ.ศ.,2558,ทั่วราชอาณาจักร,ทั่วราชอาณาจักร,น้อยกว่า 15,รวม,ไม่ทราบ,39,1788000001,303000000,รวม
48,คน,สำนักงานปลัดกระทรวงสาธารณสุข กระทรวงสาธารณสุข,จำนวนการเกิดมีชีพ จำแนกตาม กลุ่มอายุมารดา ลำดับบุตรที่เกิด เพศบุตร พ.ศ.,2558,ทั่วราชอาณาจักร,ทั่วราชอาณาจักร,น้อยกว่า 15,ชาย,รวม,1509,1788000001,303000000,รวม
49,คน,สำนักงานปลัดกระทรวงสาธารณสุข กระทรวงสาธารณสุข,จำนวนการเกิดมีชีพ จำแนกตาม กลุ่มอายุมารดา ลำดับบุตรที่เกิด เพศบุตร พ.ศ.,2558,ทั่วราชอาณาจักร,ทั่วราชอาณาจักร,น้อยกว่า 15,ชาย,1,1487,1788000001,303000000,รวม
50,คน,สำนักงานปลัดกระทรวงสาธารณสุข กระทรวงสาธารณสุข,จำนวนการเกิดมีชีพ จำแนกตาม กลุ่มอายุมารดา ลำดับบุตรที่เกิด เพศบุตร พ.ศ.,2558,ทั่วราชอาณาจักร,ทั่วราชอาณาจักร,น้อยกว่า 15,ชาย,ไม่ทราบ,22,1788000001,303000000,รวม
51,คน,สำนักงานปลัดกระทรวงสาธารณสุข กระทรวงสาธารณสุข,จำนวนการเกิดมีชีพ จำแนกตาม กลุ่มอายุมารดา ลำดับบุตรที่เกิด เพศบุตร พ.ศ.,2558,ทั่วราชอาณาจักร,ทั่วราชอาณาจักร,น้อยกว่า 15,หญิง,รวม,1464,1788000001,303000000,รวม
52,คน,สำนักงานปลัดกระทรวงสาธารณสุข กระทรวงสาธารณสุข,จำนวนการเกิดมีชีพ จำแนกตาม กลุ่มอายุมารดา ลำดับบุตรที่เกิด เพศบุตร พ.ศ.,2558,ทั่วราชอาณาจักร,ทั่วราชอาณาจักร,น้อยกว่า 15,หญิง,1,1447,1788000001,303000000,รวม
53,คน,สำนักงานปลัดกระทรวงสาธารณสุข กระทรวงสาธารณสุข,จำนวนการเกิดมีชีพ จำแนกตาม กลุ่มอายุมารดา ลำดับบุตรที่เกิด เพศบุตร พ.ศ.,2558,ทั่วราชอาณาจักร,ทั่วราชอาณาจักร,น้อยกว่า 15,หญิง,ไม่ทราบ,17,1788000001,303000000,รวม
54,คน,สำนักงานปลัดกระทรวงสาธารณสุข กระทรวงสาธารณสุข,จำนวนการเกิดมีชีพ จำแนกตาม กลุ่มอายุมารดา ลำดับบุตรที่เกิด เพศบุตร พ.ศ.,2558,ทั่วราชอาณาจักร,ทั่วราชอาณาจักร,15-19,รวม,รวม,101334,1788000002,303000000,รวม
55,คน,สำนักงานปลัดกระทรวงสาธารณสุข กระทรวงสาธารณสุข,จำนวนการเกิดมีชีพ จำแนกตาม กลุ่มอายุมารดา ลำดับบุตรที่เกิด เพศบุตร พ.ศ.,2558,ทั่วราชอาณาจักร,ทั่วราชอาณาจักร,15-19,รวม,1,88511,1788000002,303000000,รวม
56,คน,สำนักงานปลัดกระทรวงสาธารณสุข กระทรวงสาธารณสุข,จำนวนการเกิดมีชีพ จำแนกตาม กลุ่มอายุมารดา ลำดับบุตรที่เกิด เพศบุตร พ.ศ.,2558,ทั่วราชอาณาจักร,ทั่วราชอาณาจักร,15-19,รวม,2,11953,1788000002,303000000,รวม
57,คน,สำนักงานปลัดกระทรวงสาธารณสุข กระทรวงสาธารณสุข,จำนวนการเกิดมีชีพ จำแนกตาม กลุ่มอายุมารดา ลำดับบุตรที่เกิด เพศบุตร พ.ศ.,2558,ทั่วราชอาณาจักร,ทั่วราชอาณาจักร,15-19,รวม,3,747,1788000002,303000000,รวม
58,คน,สำนักงานปลัดกระทรวงสาธารณสุข กระทรวงสาธารณสุข,จำนวนการเกิดมีชีพ จำแนกตาม กลุ่มอายุมารดา ลำดับบุตรที่เกิด เพศบุตร พ.ศ.,2558,ทั่วราชอาณาจักร,ทั่วราชอาณาจักร,15-19,รวม,ไม่ทราบ,57,1788000002,303000000,รวม
59,คน,สำนักงานปลัดกระทรวงสาธารณสุข กระทรวงสาธารณสุข,จำนวนการเกิดมีชีพ จำแนกตาม กลุ่มอายุมารดา ลำดับบุตรที่เกิด เพศบุตร พ.ศ.,2558,ทั่วราชอาณาจักร,ทั่วราชอาณาจักร,15-19,ชาย,รวม,52199,1788000002,303000000,รวม
60,คน,สำนักงานปลัดกระทรวงสาธารณสุข กระทรวงสาธารณสุข,จำนวนการเกิดมีชีพ จำแนกตาม กลุ่มอายุมารดา ลำดับบุตรที่เกิด เพศบุตร พ.ศ.,2558,ทั่วราชอาณาจักร,ทั่วราชอาณาจักร,15-19,ชาย,1,45609,1788000002,303000000,รวม
61,คน,สำนักงานปลัดกระทรวงสาธารณสุข กระทรวงสาธารณสุข,จำนวนการเกิดมีชีพ จำแนกตาม กลุ่มอายุมารดา ลำดับบุตรที่เกิด เพศบุตร พ.ศ.,2558,ทั่วราชอาณาจักร,ทั่วราชอาณาจักร,15-19,ชาย,2,6146,1788000002,303000000,รวม
62,คน,สำนักงานปลัดกระทรวงสาธารณสุข กระทรวงสาธารณสุข,จำนวนการเกิดมีชีพ จำแนกตาม กลุ่มอายุมารดา ลำดับบุตรที่เกิด เพศบุตร พ.ศ.,2558,ทั่วราชอาณาจักร,ทั่วราชอาณาจักร,15-19,ชาย,3,388,1788000002,303000000,รวม
63,คน,สำนักงานปลัดกระทรวงสาธารณสุข กระทรวงสาธารณสุข,จำนวนการเกิดมีชีพ จำแนกตาม กลุ่มอายุมารดา ลำดับบุตรที่เกิด เพศบุตร พ.ศ.,2558,ทั่วราชอาณาจักร,ทั่วราชอาณาจักร,15-19,ชาย,ไม่ทราบ,32,1788000002,303000000,รวม
64,คน,สำนักงานปลัดกระทรวงสาธารณสุข กระทรวงสาธารณสุข,จำนวนการเกิดมีชีพ จำแนกตาม กลุ่มอายุมารดา ลำดับบุตรที่เกิด เพศบุตร พ.ศ.,2558,ทั่วราชอาณาจักร,ทั่วราชอาณาจักร,15-19,หญิง,รวม,49135,1788000002,303000000,รวม
65,คน,สำนักงานปลัดกระทรวงสาธารณสุข กระทรวงสาธารณสุข,จำนวนการเกิดมีชีพ จำแนกตาม กลุ่มอายุมารดา ลำดับบุตรที่เกิด เพศบุตร พ.ศ.,2558,ทั่วราชอาณาจักร,ทั่วราชอาณาจักร,15-19,หญิง,1,42902,1788000002,303000000,รวม
66,คน,สำนักงานปลัดกระทรวงสาธารณสุข กระทรวงสาธารณสุข,จำนวนการเกิดมีชีพ จำแนกตาม กลุ่มอายุมารดา ลำดับบุตรที่เกิด เพศบุตร พ.ศ.,2558,ทั่วราชอาณาจักร,ทั่วราชอาณาจักร,15-19,หญิง,2,5807,1788000002,303000000,รวม
67,คน,สำนักงานปลัดกระทรวงสาธารณสุข กระทรวงสาธารณสุข,จำนวนการเกิดมีชีพ จำแนกตาม กลุ่มอายุมารดา ลำดับบุตรที่เกิด เพศบุตร พ.ศ.,2558,ทั่วราชอาณาจักร,ทั่วราชอาณาจักร,15-19,หญิง,3,359,1788000002,303000000,รวม
68,คน,สำนักงานปลัดกระทรวงสาธารณสุข กระทรวงสาธารณสุข,จำนวนการเกิดมีชีพ จำแนกตาม กลุ่มอายุมารดา ลำดับบุตรที่เกิด เพศบุตร พ.ศ.,2558,ทั่วราชอาณาจักร,ทั่วราชอาณาจักร,15-19,หญิง,ไม่ทราบ,25,1788000002,303000000,รวม
69,คน,สำนักงานปลัดกระทรวงสาธารณสุข กระทรวงสาธารณสุข,จำนวนการเกิดมีชีพ จำแนกตาม กลุ่มอายุมารดา ลำดับบุตรที่เกิด เพศบุตร พ.ศ.,2558,ทั่วราชอาณาจักร,ทั่วราชอาณาจักร,20-24,รวม,รวม,159341,1788000003,303000000,รวม
70,คน,สำนักงานปลัดกระทรวงสาธารณสุข กระทรวงสาธารณสุข,จำนวนการเกิดมีชีพ จำแนกตาม กลุ่มอายุมารดา ลำดับบุตรที่เกิด เพศบุตร พ.ศ.,2558,ทั่วราชอาณาจักร,ทั่วราชอาณาจักร,20-24,รวม,1,99896,1788000003,303000000,รวม
71,คน,สำนักงานปลัดกระทรวงสาธารณสุข กระทรวงสาธารณสุข,จำนวนการเกิดมีชีพ จำแนกตาม กลุ่มอายุมารดา ลำดับบุตรที่เกิด เพศบุตร พ.ศ.,2558,ทั่วราชอาณาจักร,ทั่วราชอาณาจักร,20-24,รวม,2,49268,1788000003,303000000,รวม
72,คน,สำนักงานปลัดกระทรวงสาธารณสุข กระทรวงสาธารณสุข,จำนวนการเกิดมีชีพ จำแนกตาม กลุ่มอายุมารดา ลำดับบุตรที่เกิด เพศบุตร พ.ศ.,2558,ทั่วราชอาณาจักร,ทั่วราชอาณาจักร,20-24,รวม,3,8824,1788000003,303000000,รวม
73,คน,สำนักงานปลัดกระทรวงสาธารณสุข กระทรวงสาธารณสุข,จำนวนการเกิดมีชีพ จำแนกตาม กลุ่มอายุมารดา ลำดับบุตรที่เกิด เพศบุตร พ.ศ.,2558,ทั่วราชอาณาจักร,ทั่วราชอาณาจักร,20-24,รวม,4,1109,1788000003,303000000,รวม
74,คน,สำนักงานปลัดกระทรวงสาธารณสุข กระทรวงสาธารณสุข,จำนวนการเกิดมีชีพ จำแนกตาม กลุ่มอายุมารดา ลำดับบุตรที่เกิด เพศบุตร พ.ศ.,2558,ทั่วราชอาณาจักร,ทั่วราชอาณาจักร,20-24,รวม,5,133,1788000003,303000000,รวม
75,คน,สำนักงานปลัดกระทรวงสาธารณสุข กระทรวงสาธารณสุข,จำนวนการเกิดมีชีพ จำแนกตาม กลุ่มอายุมารดา ลำดับบุตรที่เกิด เพศบุตร พ.ศ.,2558,ทั่วราชอาณาจักร,ทั่วราชอาณาจักร,20-24,รวม,ไม่ทราบ,25,1788000003,303000000,รวม
76,คน,สำนักงานปลัดกระทรวงสาธารณสุข กระทรวงสาธารณสุข,จำนวนการเกิดมีชีพ จำแนกตาม กลุ่มอายุมารดา ลำดับบุตรที่เกิด เพศบุตร พ.ศ.,2558,ทั่วราชอาณาจักร,ทั่วราชอาณาจักร,20-24,ชาย,รวม,81825,1788000003,303000000,รวม
77,คน,สำนักงานปลัดกระทรวงสาธารณสุข กระทรวงสาธารณสุข,จำนวนการเกิดมีชีพ จำแนกตาม กลุ่มอายุมารดา ลำดับบุตรที่เกิด เพศบุตร พ.ศ.,2558,ทั่วราชอาณาจักร,ทั่วราชอาณาจักร,20-24,ชาย,1,51309,1788000003,303000000,รวม
78,คน,สำนักงานปลัดกระทรวงสาธารณสุข กระทรวงสาธารณสุข,จำนวนการเกิดมีชีพ จำแนกตาม กลุ่มอายุมารดา ลำดับบุตรที่เกิด เพศบุตร พ.ศ.,2558,ทั่วราชอาณาจักร,ทั่วราชอาณาจักร,20-24,ชาย,2,25331,1788000003,303000000,รวม
79,คน,สำนักงานปลัดกระทรวงสาธารณสุข กระทรวงสาธารณสุข,จำนวนการเกิดมีชีพ จำแนกตาม กลุ่มอายุมารดา ลำดับบุตรที่เกิด เพศบุตร พ.ศ.,2558,ทั่วราชอาณาจักร,ทั่วราชอาณาจักร,20-24,ชาย,3,4467,1788000003,303000000,รวม
80,คน,สำนักงานปลัดกระทรวงสาธารณสุข กระทรวงสาธารณสุข,จำนวนการเกิดมีชีพ จำแนกตาม กลุ่มอายุมารดา ลำดับบุตรที่เกิด เพศบุตร พ.ศ.,2558,ทั่วราชอาณาจักร,ทั่วราชอาณาจักร,20-24,ชาย,4,583,1788000003,303000000,รวม
81,คน,สำนักงานปลัดกระทรวงสาธารณสุข กระทรวงสาธารณสุข,จำนวนการเกิดมีชีพ จำแนกตาม กลุ่มอายุมารดา ลำดับบุตรที่เกิด เพศบุตร พ.ศ.,2558,ทั่วราชอาณาจักร,ทั่วราชอาณาจักร,20-24,ชาย,5,72,1788000003,303000000,รวม
82,คน,สำนักงานปลัดกระทรวงสาธารณสุข กระทรวงสาธารณสุข,จำนวนการเกิดมีชีพ จำแนกตาม กลุ่มอายุมารดา ลำดับบุตรที่เกิด เพศบุตร พ.ศ.,2558,ทั่วราชอาณาจักร,ทั่วราชอาณาจักร,20-24,ชาย,ไม่ทราบ,13,1788000003,303000000,รวม
83,คน,สำนักงานปลัดกระทรวงสาธารณสุข กระทรวงสาธารณสุข,จำนวนการเกิดมีชีพ จำแนกตาม กลุ่มอายุมารดา ลำดับบุตรที่เกิด เพศบุตร พ.ศ.,2558,ทั่วราชอาณาจักร,ทั่วราชอาณาจักร,20-24,หญิง,รวม,77516,1788000003,303000000,รวม
84,คน,สำนักงานปลัดกระทรวงสาธารณสุข กระทรวงสาธารณสุข,จำนวนการเกิดมีชีพ จำแนกตาม กลุ่มอายุมารดา ลำดับบุตรที่เกิด เพศบุตร พ.ศ.,2558,ทั่วราชอาณาจักร,ทั่วราชอาณาจักร,20-24,หญิง,1,48587,1788000003,303000000,รวม
85,คน,สำนักงานปลัดกระทรวงสาธารณสุข กระทรวงสาธารณสุข,จำนวนการเกิดมีชีพ จำแนกตาม กลุ่มอายุมารดา ลำดับบุตรที่เกิด เพศบุตร พ.ศ.,2558,ทั่วราชอาณาจักร,ทั่วราชอาณาจักร,20-24,หญิง,2,23937,1788000003,303000000,รวม
86,คน,สำนักงานปลัดกระทรวงสาธารณสุข กระทรวงสาธารณสุข,จำนวนการเกิดมีชีพ จำแนกตาม กลุ่มอายุมารดา ลำดับบุตรที่เกิด เพศบุตร พ.ศ.,2558,ทั่วราชอาณาจักร,ทั่วราชอาณาจักร,20-24,หญิง,3,4357,1788000003,303000000,รวม
87,คน,สำนักงานปลัดกระทรวงสาธารณสุข กระทรวงสาธารณสุข,จำนวนการเกิดมีชีพ จำแนกตาม กลุ่มอายุมารดา ลำดับบุตรที่เกิด เพศบุตร พ.ศ.,2558,ทั่วราชอาณาจักร,ทั่วราชอาณาจักร,20-24,หญิง,4,526,1788000003,303000000,รวม
88,คน,สำนักงานปลัดกระทรวงสาธารณสุข กระทรวงสาธารณสุข,จำนวนการเกิดมีชีพ จำแนกตาม กลุ่มอายุมารดา ลำดับบุตรที่เกิด เพศบุตร พ.ศ.,2558,ทั่วราชอาณาจักร,ทั่วราชอาณาจักร,20-24,หญิง,5,61,1788000003,303000000,รวม
89,คน,สำนักงานปลัดกระทรวงสาธารณสุข กระทรวงสาธารณสุข,จำนวนการเกิดมีชีพ จำแนกตาม กลุ่มอายุมารดา ลำดับบุตรที่เกิด เพศบุตร พ.ศ.,2558,ทั่วราชอาณาจักร,ทั่วราชอาณาจักร,20-24,หญิง,ไม่ทราบ,12,1788000003,303000000,รวม
90,คน,สำนักงานปลัดกระทรวงสาธารณสุข กระทรวงสาธารณสุข,จำนวนการเกิดมีชีพ จำแนกตาม กลุ่มอายุมารดา ลำดับบุตรที่เกิด เพศบุตร พ.ศ.,2558,ทั่วราชอาณาจักร,ทั่วราชอาณาจักร,25-29,รวม,รวม,166906,1788000004,303000000,รวม
91,คน,สำนักงานปลัดกระทรวงสาธารณสุข กระทรวงสาธารณสุข,จำนวนการเกิดมีชีพ จำแนกตาม กลุ่มอายุมารดา ลำดับบุตรที่เกิด เพศบุตร พ.ศ.,2558,ทั่วราชอาณาจักร,ทั่วราชอาณาจักร,25-29,รวม,1,85111,1788000004,303000000,รวม
92,คน,สำนักงานปลัดกระทรวงสาธารณสุข กระทรวงสาธารณสุข,จำนวนการเกิดมีชีพ จำแนกตาม กลุ่มอายุมารดา ลำดับบุตรที่เกิด เพศบุตร พ.ศ.,2558,ทั่วราชอาณาจักร,ทั่วราชอาณาจักร,25-29,รวม,2,60027,1788000004,303000000,รวม
93,คน,สำนักงานปลัดกระทรวงสาธารณสุข กระทรวงสาธารณสุข,จำนวนการเกิดมีชีพ จำแนกตาม กลุ่มอายุมารดา ลำดับบุตรที่เกิด เพศบุตร พ.ศ.,2558,ทั่วราชอาณาจักร,ทั่วราชอาณาจักร,25-29,รวม,3,17053,1788000004,303000000,รวม
94,คน,สำนักงานปลัดกระทรวงสาธารณสุข กระทรวงสาธารณสุข,จำนวนการเกิดมีชีพ จำแนกตาม กลุ่มอายุมารดา ลำดับบุตรที่เกิด เพศบุตร พ.ศ.,2558,ทั่วราชอาณาจักร,ทั่วราชอาณาจักร,25-29,รวม,4,3658,1788000004,303000000,รวม
95,คน,สำนักงานปลัดกระทรวงสาธารณสุข กระทรวงสาธารณสุข,จำนวนการเกิดมีชีพ จำแนกตาม กลุ่มอายุมารดา ลำดับบุตรที่เกิด เพศบุตร พ.ศ.,2558,ทั่วราชอาณาจักร,ทั่วราชอาณาจักร,25-29,รวม,5,739,1788000004,303000000,รวม
96,คน,สำนักงานปลัดกระทรวงสาธารณสุข กระทรวงสาธารณสุข,จำนวนการเกิดมีชีพ จำแนกตาม กลุ่มอายุมารดา ลำดับบุตรที่เกิด เพศบุตร พ.ศ.,2558,ทั่วราชอาณาจักร,ทั่วราชอาณาจักร,25-29,รวม,6,168,1788000004,303000000,รวม
97,คน,สำนักงานปลัดกระทรวงสาธารณสุข กระทรวงสาธารณสุข,จำนวนการเกิดมีชีพ จำแนกตาม กลุ่มอายุมารดา ลำดับบุตรที่เกิด เพศบุตร พ.ศ.,2558,ทั่วราชอาณาจักร,ทั่วราชอาณาจักร,25-29,รวม,7,32,1788000004,303000000,รวม
98,คน,สำนักงานปลัดกระทรวงสาธารณสุข กระทรวงสาธารณสุข,จำนวนการเกิดมีชีพ จำแนกตาม กลุ่มอายุมารดา ลำดับบุตรที่เกิด เพศบุตร พ.ศ.,2558,ทั่วราชอาณาจักร,ทั่วราชอาณาจักร,25-29,รวม,ไม่ทราบ,26,1788000004,303000000,รวม
99,คน,สำนักงานปลัดกระทรวงสาธารณสุข กระทรวงสาธารณสุข,จำนวนการเกิดมีชีพ จำแนกตาม กลุ่มอายุมารดา ลำดับบุตรที่เกิด เพศบุตร พ.ศ.,2558,ทั่วราชอาณาจักร,ทั่วราชอาณาจักร,25-29,ชาย,รวม,85734,1788000004,303000000,รวม
100,คน,สำนักงานปลัดกระทรวงสาธารณสุข กระทรวงสาธารณสุข,จำนวนการเกิดมีชีพ จำแนกตาม กลุ่มอายุมารดา ลำดับบุตรที่เกิด เพศบุตร พ.ศ.,2558,ทั่วราชอาณาจักร,ทั่วราชอาณาจักร,25-29,ชาย,1,43738,1788000004,303000000,รวม
101,คน,สำนักงานปลัดกระทรวงสาธารณสุข กระทรวงสาธารณสุข,จำนวนการเกิดมีชีพ จำแนกตาม กลุ่มอายุมารดา ลำดับบุตรที่เกิด เพศบุตร พ.ศ.,2558,ทั่วราชอาณาจักร,ทั่วราชอาณาจักร,25-29,ชาย,2,30788,1788000004,303000000,รวม
102,คน,สำนักงานปลัดกระทรวงสาธารณสุข กระทรวงสาธารณสุข,จำนวนการเกิดมีชีพ จำแนกตาม กลุ่มอายุมารดา ลำดับบุตรที่เกิด เพศบุตร พ.ศ.,2558,ทั่วราชอาณาจักร,ทั่วราชอาณาจักร,25-29,ชาย,3,8760,1788000004,303000000,รวม
103,คน,สำนักงานปลัดกระทรวงสาธารณสุข กระทรวงสาธารณสุข,จำนวนการเกิดมีชีพ จำแนกตาม กลุ่มอายุมารดา ลำดับบุตรที่เกิด เพศบุตร พ.ศ.,2558,ทั่วราชอาณาจักร,ทั่วราชอาณาจักร,25-29,ชาย,4,1889,1788000004,303000000,รวม
104,คน,สำนักงานปลัดกระทรวงสาธารณสุข กระทรวงสาธารณสุข,จำนวนการเกิดมีชีพ จำแนกตาม กลุ่มอายุมารดา ลำดับบุตรที่เกิด เพศบุตร พ.ศ.,2558,ทั่วราชอาณาจักร,ทั่วราชอาณาจักร,25-29,ชาย,5,395,1788000004,303000000,รวม
105,คน,สำนักงานปลัดกระทรวงสาธารณสุข กระทรวงสาธารณสุข,จำนวนการเกิดมีชีพ จำแนกตาม กลุ่มอายุมารดา ลำดับบุตรที่เกิด เพศบุตร พ.ศ.,2558,ทั่วราชอาณาจักร,ทั่วราชอาณาจักร,25-29,ชาย,6,94,1788000004,303000000,รวม
106,คน,สำนักงานปลัดกระทรวงสาธารณสุข กระทรวงสาธารณสุข,จำนวนการเกิดมีชีพ จำแนกตาม กลุ่มอายุมารดา ลำดับบุตรที่เกิด เพศบุตร พ.ศ.,2558,ทั่วราชอาณาจักร,ทั่วราชอาณาจักร,25-29,ชาย,7,16,1788000004,303000000,รวม
107,คน,สำนักงานปลัดกระทรวงสาธารณสุข กระทรวงสาธารณสุข,จำนวนการเกิดมีชีพ จำแนกตาม กลุ่มอายุมารดา ลำดับบุตรที่เกิด เพศบุตร พ.ศ.,2558,ทั่วราชอาณาจักร,ทั่วราชอาณาจักร,25-29,ชาย,ไม่ทราบ,16,1788000004,303000000,รวม
108,คน,สำนักงานปลัดกระทรวงสาธารณสุข กระทรวงสาธารณสุข,จำนวนการเกิดมีชีพ จำแนกตาม กลุ่มอายุมารดา ลำดับบุตรที่เกิด เพศบุตร พ.ศ.,2558,ทั่วราชอาณาจักร,ทั่วราชอาณาจักร,25-29,หญิง,รวม,81172,1788000004,303000000,รวม
109,คน,สำนักงานปลัดกระทรวงสาธารณสุข กระทรวงสาธารณสุข,จำนวนการเกิดมีชีพ จำแนกตาม กลุ่มอายุมารดา ลำดับบุตรที่เกิด เพศบุตร พ.ศ.,2558,ทั่วราชอาณาจักร,ทั่วราชอาณาจักร,25-29,หญิง,1,41373,1788000004,303000000,รวม
110,คน,สำนักงานปลัดกระทรวงสาธารณสุข กระทรวงสาธารณสุข,จำนวนการเกิดมีชีพ จำแนกตาม กลุ่มอายุมารดา ลำดับบุตรที่เกิด เพศบุตร พ.ศ.,2558,ทั่วราชอาณาจักร,ทั่วราชอาณาจักร,25-29,หญิง,2,29239,1788000004,303000000,รวม
111,คน,สำนักงานปลัดกระทรวงสาธารณสุข กระทรวงสาธารณสุข,จำนวนการเกิดมีชีพ จำแนกตาม กลุ่มอายุมารดา ลำดับบุตรที่เกิด เพศบุตร พ.ศ.,2558,ทั่วราชอาณาจักร,ทั่วราชอาณาจักร,25-29,หญิง,3,8293,1788000004,303000000,รวม
112,คน,สำนักงานปลัดกระทรวงสาธารณสุข กระทรวงสาธารณสุข,จำนวนการเกิดมีชีพ จำแนกตาม กลุ่มอายุมารดา ลำดับบุตรที่เกิด เพศบุตร พ.ศ.,2558,ทั่วราชอาณาจักร,ทั่วราชอาณาจักร,25-29,หญิง,4,1769,1788000004,303000000,รวม
113,คน,สำนักงานปลัดกระทรวงสาธารณสุข กระทรวงสาธารณสุข,จำนวนการเกิดมีชีพ จำแนกตาม กลุ่มอายุมารดา ลำดับบุตรที่เกิด เพศบุตร พ.ศ.,2558,ทั่วราชอาณาจักร,ทั่วราชอาณาจักร,25-29,หญิง,5,344,1788000004,303000000,รวม
114,คน,สำนักงานปลัดกระทรวงสาธารณสุข กระทรวงสาธารณสุข,จำนวนการเกิดมีชีพ จำแนกตาม กลุ่มอายุมารดา ลำดับบุตรที่เกิด เพศบุตร พ.ศ.,2558,ทั่วราชอาณาจักร,ทั่วราชอาณาจักร,25-29,หญิง,6,74,1788000004,303000000,รวม
115,คน,สำนักงานปลัดกระทรวงสาธารณสุข กระทรวงสาธารณสุข,จำนวนการเกิดมีชีพ จำแนกตาม กลุ่มอายุมารดา ลำดับบุตรที่เกิด เพศบุตร พ.ศ.,2558,ทั่วราชอาณาจักร,ทั่วราชอาณาจักร,25-29,หญิง,7,16,1788000004,303000000,รวม
116,คน,สำนักงานปลัดกระทรวงสาธารณสุข กระทรวงสาธารณสุข,จำนวนการเกิดมีชีพ จำแนกตาม กลุ่มอายุมารดา ลำดับบุตรที่เกิด เพศบุตร พ.ศ.,2558,ทั่วราชอาณาจักร,ทั่วราชอาณาจักร,25-29,หญิง,ไม่ทราบ,10,1788000004,303000000,รวม
117,คน,สำนักงานปลัดกระทรวงสาธารณสุข กระทรวงสาธารณสุข,จำนวนการเกิดมีชีพ จำแนกตาม กลุ่มอายุมารดา ลำดับบุตรที่เกิด เพศบุตร พ.ศ.,2558,ทั่วราชอาณาจักร,ทั่วราชอาณาจักร,30-34,รวม,รวม,149793,1788000005,303000000,รวม
118,คน,สำนักงานปลัดกระทรวงสาธารณสุข กระทรวงสาธารณสุข,จำนวนการเกิดมีชีพ จำแนกตาม กลุ่มอายุมารดา ลำดับบุตรที่เกิด เพศบุตร พ.ศ.,2558,ทั่วราชอาณาจักร,ทั่วราชอาณาจักร,30-34,รวม,1,61817,1788000005,303000000,รวม
119,คน,สำนักงานปลัดกระทรวงสาธารณสุข กระทรวงสาธารณสุข,จำนวนการเกิดมีชีพ จำแนกตาม กลุ่มอายุมารดา ลำดับบุตรที่เกิด เพศบุตร พ.ศ.,2558,ทั่วราชอาณาจักร,ทั่วราชอาณาจักร,30-34,รวม,2,60699,1788000005,303000000,รวม
120,คน,สำนักงานปลัดกระทรวงสาธารณสุข กระทรวงสาธารณสุข,จำนวนการเกิดมีชีพ จำแนกตาม กลุ่มอายุมารดา ลำดับบุตรที่เกิด เพศบุตร พ.ศ.,2558,ทั่วราชอาณาจักร,ทั่วราชอาณาจักร,30-34,รวม,3,19943,1788000005,303000000,รวม
121,คน,สำนักงานปลัดกระทรวงสาธารณสุข กระทรวงสาธารณสุข,จำนวนการเกิดมีชีพ จำแนกตาม กลุ่มอายุมารดา ลำดับบุตรที่เกิด เพศบุตร พ.ศ.,2558,ทั่วราชอาณาจักร,ทั่วราชอาณาจักร,30-34,รวม,4,4959,1788000005,303000000,รวม
122,คน,สำนักงานปลัดกระทรวงสาธารณสุข กระทรวงสาธารณสุข,จำนวนการเกิดมีชีพ จำแนกตาม กลุ่มอายุมารดา ลำดับบุตรที่เกิด เพศบุตร พ.ศ.,2558,ทั่วราชอาณาจักร,ทั่วราชอาณาจักร,30-34,รวม,5,1468,1788000005,303000000,รวม
123,คน,สำนักงานปลัดกระทรวงสาธารณสุข กระทรวงสาธารณสุข,จำนวนการเกิดมีชีพ จำแนกตาม กลุ่มอายุมารดา ลำดับบุตรที่เกิด เพศบุตร พ.ศ.,2558,ทั่วราชอาณาจักร,ทั่วราชอาณาจักร,30-34,รวม,6,505,1788000005,303000000,รวม
124,คน,สำนักงานปลัดกระทรวงสาธารณสุข กระทรวงสาธารณสุข,จำนวนการเกิดมีชีพ จำแนกตาม กลุ่มอายุมารดา ลำดับบุตรที่เกิด เพศบุตร พ.ศ.,2558,ทั่วราชอาณาจักร,ทั่วราชอาณาจักร,30-34,รวม,7,188,1788000005,303000000,รวม
125,คน,สำนักงานปลัดกระทรวงสาธารณสุข กระทรวงสาธารณสุข,จำนวนการเกิดมีชีพ จำแนกตาม กลุ่มอายุมารดา ลำดับบุตรที่เกิด เพศบุตร พ.ศ.,2558,ทั่วราชอาณาจักร,ทั่วราชอาณาจักร,30-34,รวม,8,75,1788000005,303000000,รวม
126,คน,สำนักงานปลัดกระทรวงสาธารณสุข กระทรวงสาธารณสุข,จำนวนการเกิดมีชีพ จำแนกตาม กลุ่มอายุมารดา ลำดับบุตรที่เกิด เพศบุตร พ.ศ.,2558,ทั่วราชอาณาจักร,ทั่วราชอาณาจักร,30-34,รวม,9,21,1788000005,303000000,รวม
127,คน,สำนักงานปลัดกระทรวงสาธารณสุข กระทรวงสาธารณสุข,จำนวนการเกิดมีชีพ จำแนกตาม กลุ่มอายุมารดา ลำดับบุตรที่เกิด เพศบุตร พ.ศ.,2558,ทั่วราชอาณาจักร,ทั่วราชอาณาจักร,30-34,รวม,ไม่ทราบ,12,1788000005,303000000,รวม
128,คน,สำนักงานปลัดกระทรวงสาธารณสุข กระทรวงสาธารณสุข,จำนวนการเกิดมีชีพ จำแนกตาม กลุ่มอายุมารดา ลำดับบุตรที่เกิด เพศบุตร พ.ศ.,2558,ทั่วราชอาณาจักร,ทั่วราชอาณาจักร,30-34,ชาย,รวม,76805,1788000005,303000000,รวม
129,คน,สำนักงานปลัดกระทรวงสาธารณสุข กระทรวงสาธารณสุข,จำนวนการเกิดมีชีพ จำแนกตาม กลุ่มอายุมารดา ลำดับบุตรที่เกิด เพศบุตร พ.ศ.,2558,ทั่วราชอาณาจักร,ทั่วราชอาณาจักร,30-34,ชาย,1,31645,1788000005,303000000,รวม
130,คน,สำนักงานปลัดกระทรวงสาธารณสุข กระทรวงสาธารณสุข,จำนวนการเกิดมีชีพ จำแนกตาม กลุ่มอายุมารดา ลำดับบุตรที่เกิด เพศบุตร พ.ศ.,2558,ทั่วราชอาณาจักร,ทั่วราชอาณาจักร,30-34,ชาย,2,31157,1788000005,303000000,รวม
131,คน,สำนักงานปลัดกระทรวงสาธารณสุข กระทรวงสาธารณสุข,จำนวนการเกิดมีชีพ จำแนกตาม กลุ่มอายุมารดา ลำดับบุตรที่เกิด เพศบุตร พ.ศ.,2558,ทั่วราชอาณาจักร,ทั่วราชอาณาจักร,30-34,ชาย,3,10240,1788000005,303000000,รวม
132,คน,สำนักงานปลัดกระทรวงสาธารณสุข กระทรวงสาธารณสุข,จำนวนการเกิดมีชีพ จำแนกตาม กลุ่มอายุมารดา ลำดับบุตรที่เกิด เพศบุตร พ.ศ.,2558,ทั่วราชอาณาจักร,ทั่วราชอาณาจักร,30-34,ชาย,4,2541,1788000005,303000000,รวม
133,คน,สำนักงานปลัดกระทรวงสาธารณสุข กระทรวงสาธารณสุข,จำนวนการเกิดมีชีพ จำแนกตาม กลุ่มอายุมารดา ลำดับบุตรที่เกิด เพศบุตร พ.ศ.,2558,ทั่วราชอาณาจักร,ทั่วราชอาณาจักร,30-34,ชาย,5,778,1788000005,303000000,รวม
134,คน,สำนักงานปลัดกระทรวงสาธารณสุข กระทรวงสาธารณสุข,จำนวนการเกิดมีชีพ จำแนกตาม กลุ่มอายุมารดา ลำดับบุตรที่เกิด เพศบุตร พ.ศ.,2558,ทั่วราชอาณาจักร,ทั่วราชอาณาจักร,30-34,ชาย,6,241,1788000005,303000000,รวม
135,คน,สำนักงานปลัดกระทรวงสาธารณสุข กระทรวงสาธารณสุข,จำนวนการเกิดมีชีพ จำแนกตาม กลุ่มอายุมารดา ลำดับบุตรที่เกิด เพศบุตร พ.ศ.,2558,ทั่วราชอาณาจักร,ทั่วราชอาณาจักร,30-34,ชาย,7,84,1788000005,303000000,รวม
136,คน,สำนักงานปลัดกระทรวงสาธารณสุข กระทรวงสาธารณสุข,จำนวนการเกิดมีชีพ จำแนกตาม กลุ่มอายุมารดา ลำดับบุตรที่เกิด เพศบุตร พ.ศ.,2558,ทั่วราชอาณาจักร,ทั่วราชอาณาจักร,30-34,ชาย,8,35,1788000005,303000000,รวม
137,คน,สำนักงานปลัดกระทรวงสาธารณสุข กระทรวงสาธารณสุข,จำนวนการเกิดมีชีพ จำแนกตาม กลุ่มอายุมารดา ลำดับบุตรที่เกิด เพศบุตร พ.ศ.,2558,ทั่วราชอาณาจักร,ทั่วราชอาณาจักร,30-34,ชาย,9,11,1788000005,303000000,รวม
138,คน,สำนักงานปลัดกระทรวงสาธารณสุข กระทรวงสาธารณสุข,จำนวนการเกิดมีชีพ จำแนกตาม กลุ่มอายุมารดา ลำดับบุตรที่เกิด เพศบุตร พ.ศ.,2558,ทั่วราชอาณาจักร,ทั่วราชอาณาจักร,30-34,ชาย,ไม่ทราบ,11,1788000005,303000000,รวม
139,คน,สำนักงานปลัดกระทรวงสาธารณสุข กระทรวงสาธารณสุข,จำนวนการเกิดมีชีพ จำแนกตาม กลุ่มอายุมารดา ลำดับบุตรที่เกิด เพศบุตร พ.ศ.,2558,ทั่วราชอาณาจักร,ทั่วราชอาณาจักร,30-34,หญิง,รวม,72988,1788000005,303000000,รวม
140,คน,สำนักงานปลัดกระทรวงสาธารณสุข กระทรวงสาธารณสุข,จำนวนการเกิดมีชีพ จำแนกตาม กลุ่มอายุมารดา ลำดับบุตรที่เกิด เพศบุตร พ.ศ.,2558,ทั่วราชอาณาจักร,ทั่วราชอาณาจักร,30-34,หญิง,1,30172,1788000005,303000000,รวม
141,คน,สำนักงานปลัดกระทรวงสาธารณสุข กระทรวงสาธารณสุข,จำนวนการเกิดมีชีพ จำแนกตาม กลุ่มอายุมารดา ลำดับบุตรที่เกิด เพศบุตร พ.ศ.,2558,ทั่วราชอาณาจักร,ทั่วราชอาณาจักร,30-34,หญิง,2,29542,1788000005,303000000,รวม
142,คน,สำนักงานปลัดกระทรวงสาธารณสุข กระทรวงสาธารณสุข,จำนวนการเกิดมีชีพ จำแนกตาม กลุ่มอายุมารดา ลำดับบุตรที่เกิด เพศบุตร พ.ศ.,2558,ทั่วราชอาณาจักร,ทั่วราชอาณาจักร,30-34,หญิง,3,9703,1788000005,303000000,รวม
143,คน,สำนักงานปลัดกระทรวงสาธารณสุข กระทรวงสาธารณสุข,จำนวนการเกิดมีชีพ จำแนกตาม กลุ่มอายุมารดา ลำดับบุตรที่เกิด เพศบุตร พ.ศ.,2558,ทั่วราชอาณาจักร,ทั่วราชอาณาจักร,30-34,หญิง,4,2418,1788000005,303000000,รวม
144,คน,สำนักงานปลัดกระทรวงสาธารณสุข กระทรวงสาธารณสุข,จำนวนการเกิดมีชีพ จำแนกตาม กลุ่มอายุมารดา ลำดับบุตรที่เกิด เพศบุตร พ.ศ.,2558,ทั่วราชอาณาจักร,ทั่วราชอาณาจักร,30-34,หญิง,5,690,1788000005,303000000,รวม
145,คน,สำนักงานปลัดกระทรวงสาธารณสุข กระทรวงสาธารณสุข,จำนวนการเกิดมีชีพ จำแนกตาม กลุ่มอายุมารดา ลำดับบุตรที่เกิด เพศบุตร พ.ศ.,2558,ทั่วราชอาณาจักร,ทั่วราชอาณาจักร,30-34,หญิง,6,264,1788000005,303000000,รวม
146,คน,สำนักงานปลัดกระทรวงสาธารณสุข กระทรวงสาธารณสุข,จำนวนการเกิดมีชีพ จำแนกตาม กลุ่มอายุมารดา ลำดับบุตรที่เกิด เพศบุตร พ.ศ.,2558,ทั่วราชอาณาจักร,ทั่วราชอาณาจักร,30-34,หญิง,7,104,1788000005,303000000,รวม
147,คน,สำนักงานปลัดกระทรวงสาธารณสุข กระทรวงสาธารณสุข,จำนวนการเกิดมีชีพ จำแนกตาม กลุ่มอายุมารดา ลำดับบุตรที่เกิด เพศบุตร พ.ศ.,2558,ทั่วราชอาณาจักร,ทั่วราชอาณาจักร,30-34,หญิง,8,40,1788000005,303000000,รวม
148,คน,สำนักงานปลัดกระทรวงสาธารณสุข กระทรวงสาธารณสุข,จำนวนการเกิดมีชีพ จำแนกตาม กลุ่มอายุมารดา ลำดับบุตรที่เกิด เพศบุตร พ.ศ.,2558,ทั่วราชอาณาจักร,ทั่วราชอาณาจักร,30-34,หญิง,9,10,1788000005,303000000,รวม
149,คน,สำนักงานปลัดกระทรวงสาธารณสุข กระทรวงสาธารณสุข,จำนวนการเกิดมีชีพ จำแนกตาม กลุ่มอายุมารดา ลำดับบุตรที่เกิด เพศบุตร พ.ศ.,2558,ทั่วราชอาณาจักร,ทั่วราชอาณาจักร,30-34,หญิง,ไม่ทราบ,1,1788000005,303000000,รวม
150,คน,สำนักงานปลัดกระทรวงสาธารณสุข กระทรวงสาธารณสุข,จำนวนการเกิดมีชีพ จำแนกตาม กลุ่มอายุมารดา ลำดับบุตรที่เกิด เพศบุตร พ.ศ.,2558,ทั่วราชอาณาจักร,ทั่วราชอาณาจักร,35-39,รวม,รวม,79101,1788000006,303000000,รวม
151,คน,สำนักงานปลัดกระทรวงสาธารณสุข กระทรวงสาธารณสุข,จำนวนการเกิดมีชีพ จำแนกตาม กลุ่มอายุมารดา ลำดับบุตรที่เกิด เพศบุตร พ.ศ.,2558,ทั่วราชอาณาจักร,ทั่วราชอาณาจักร,35-39,รวม,1,27027,1788000006,303000000,รวม
152,คน,สำนักงานปลัดกระทรวงสาธารณสุข กระทรวงสาธารณสุข,จำนวนการเกิดมีชีพ จำแนกตาม กลุ่มอายุมารดา ลำดับบุตรที่เกิด เพศบุตร พ.ศ.,2558,ทั่วราชอาณาจักร,ทั่วราชอาณาจักร,35-39,รวม,2,30646,1788000006,303000000,รวม
153,คน,สำนักงานปลัดกระทรวงสาธารณสุข กระทรวงสาธารณสุข,จำนวนการเกิดมีชีพ จำแนกตาม กลุ่มอายุมารดา ลำดับบุตรที่เกิด เพศบุตร พ.ศ.,2558,ทั่วราชอาณาจักร,ทั่วราชอาณาจักร,35-39,รวม,3,14128,1788000006,303000000,รวม
154,คน,สำนักงานปลัดกระทรวงสาธารณสุข กระทรวงสาธารณสุข,จำนวนการเกิดมีชีพ จำแนกตาม กลุ่มอายุมารดา ลำดับบุตรที่เกิด เพศบุตร พ.ศ.,2558,ทั่วราชอาณาจักร,ทั่วราชอาณาจักร,35-39,รวม,4,4318,1788000006,303000000,รวม
155,คน,สำนักงานปลัดกระทรวงสาธารณสุข กระทรวงสาธารณสุข,จำนวนการเกิดมีชีพ จำแนกตาม กลุ่มอายุมารดา ลำดับบุตรที่เกิด เพศบุตร พ.ศ.,2558,ทั่วราชอาณาจักร,ทั่วราชอาณาจักร,35-39,รวม,5,1628,1788000006,303000000,รวม
156,คน,สำนักงานปลัดกระทรวงสาธารณสุข กระทรวงสาธารณสุข,จำนวนการเกิดมีชีพ จำแนกตาม กลุ่มอายุมารดา ลำดับบุตรที่เกิด เพศบุตร พ.ศ.,2558,ทั่วราชอาณาจักร,ทั่วราชอาณาจักร,35-39,รวม,6,728,1788000006,303000000,รวม
157,คน,สำนักงานปลัดกระทรวงสาธารณสุข กระทรวงสาธารณสุข,จำนวนการเกิดมีชีพ จำแนกตาม กลุ่มอายุมารดา ลำดับบุตรที่เกิด เพศบุตร พ.ศ.,2558,ทั่วราชอาณาจักร,ทั่วราชอาณาจักร,35-39,รวม,7,319,1788000006,303000000,รวม
158,คน,สำนักงานปลัดกระทรวงสาธารณสุข กระทรวงสาธารณสุข,จำนวนการเกิดมีชีพ จำแนกตาม กลุ่มอายุมารดา ลำดับบุตรที่เกิด เพศบุตร พ.ศ.,2558,ทั่วราชอาณาจักร,ทั่วราชอาณาจักร,35-39,รวม,8,152,1788000006,303000000,รวม
159,คน,สำนักงานปลัดกระทรวงสาธารณสุข กระทรวงสาธารณสุข,จำนวนการเกิดมีชีพ จำแนกตาม กลุ่มอายุมารดา ลำดับบุตรที่เกิด เพศบุตร พ.ศ.,2558,ทั่วราชอาณาจักร,ทั่วราชอาณาจักร,35-39,รวม,9,68,1788000006,303000000,รวม
160,คน,สำนักงานปลัดกระทรวงสาธารณสุข กระทรวงสาธารณสุข,จำนวนการเกิดมีชีพ จำแนกตาม กลุ่มอายุมารดา ลำดับบุตรที่เกิด เพศบุตร พ.ศ.,2558,ทั่วราชอาณาจักร,ทั่วราชอาณาจักร,35-39,รวม,10,28,1788000006,303000000,รวม
161,คน,สำนักงานปลัดกระทรวงสาธารณสุข กระทรวงสาธารณสุข,จำนวนการเกิดมีชีพ จำแนกตาม กลุ่มอายุมารดา ลำดับบุตรที่เกิด เพศบุตร พ.ศ.,2558,ทั่วราชอาณาจักร,ทั่วราชอาณาจักร,35-39,รวม,11,15,1788000006,303000000,รวม
162,คน,สำนักงานปลัดกระทรวงสาธารณสุข กระทรวงสาธารณสุข,จำนวนการเกิดมีชีพ จำแนกตาม กลุ่มอายุมารดา ลำดับบุตรที่เกิด เพศบุตร พ.ศ.,2558,ทั่วราชอาณาจักร,ทั่วราชอาณาจักร,35-39,รวม,ไม่ทราบ,10,1788000006,303000000,รวม
163,คน,สำนักงานปลัดกระทรวงสาธารณสุข กระทรวงสาธารณสุข,จำนวนการเกิดมีชีพ จำแนกตาม กลุ่มอายุมารดา ลำดับบุตรที่เกิด เพศบุตร พ.ศ.,2558,ทั่วราชอาณาจักร,ทั่วราชอาณาจักร,35-39,ชาย,รวม,40556,1788000006,303000000,รวม
164,คน,สำนักงานปลัดกระทรวงสาธารณสุข กระทรวงสาธารณสุข,จำนวนการเกิดมีชีพ จำแนกตาม กลุ่มอายุมารดา ลำดับบุตรที่เกิด เพศบุตร พ.ศ.,2558,ทั่วราชอาณาจักร,ทั่วราชอาณาจักร,35-39,ชาย,1,13841,1788000006,303000000,รวม
165,คน,สำนักงานปลัดกระทรวงสาธารณสุข กระทรวงสาธารณสุข,จำนวนการเกิดมีชีพ จำแนกตาม กลุ่มอายุมารดา ลำดับบุตรที่เกิด เพศบุตร พ.ศ.,2558,ทั่วราชอาณาจักร,ทั่วราชอาณาจักร,35-39,ชาย,2,15702,1788000006,303000000,รวม
166,คน,สำนักงานปลัดกระทรวงสาธารณสุข กระทรวงสาธารณสุข,จำนวนการเกิดมีชีพ จำแนกตาม กลุ่มอายุมารดา ลำดับบุตรที่เกิด เพศบุตร พ.ศ.,2558,ทั่วราชอาณาจักร,ทั่วราชอาณาจักร,35-39,ชาย,3,7310,1788000006,303000000,รวม
167,คน,สำนักงานปลัดกระทรวงสาธารณสุข กระทรวงสาธารณสุข,จำนวนการเกิดมีชีพ จำแนกตาม กลุ่มอายุมารดา ลำดับบุตรที่เกิด เพศบุตร พ.ศ.,2558,ทั่วราชอาณาจักร,ทั่วราชอาณาจักร,35-39,ชาย,4,2181,1788000006,303000000,รวม
168,คน,สำนักงานปลัดกระทรวงสาธารณสุข กระทรวงสาธารณสุข,จำนวนการเกิดมีชีพ จำแนกตาม กลุ่มอายุมารดา ลำดับบุตรที่เกิด เพศบุตร พ.ศ.,2558,ทั่วราชอาณาจักร,ทั่วราชอาณาจักร,35-39,ชาย,5,848,1788000006,303000000,รวม
169,คน,สำนักงานปลัดกระทรวงสาธารณสุข กระทรวงสาธารณสุข,จำนวนการเกิดมีชีพ จำแนกตาม กลุ่มอายุมารดา ลำดับบุตรที่เกิด เพศบุตร พ.ศ.,2558,ทั่วราชอาณาจักร,ทั่วราชอาณาจักร,35-39,ชาย,6,372,1788000006,303000000,รวม
170,คน,สำนักงานปลัดกระทรวงสาธารณสุข กระทรวงสาธารณสุข,จำนวนการเกิดมีชีพ จำแนกตาม กลุ่มอายุมารดา ลำดับบุตรที่เกิด เพศบุตร พ.ศ.,2558,ทั่วราชอาณาจักร,ทั่วราชอาณาจักร,35-39,ชาย,7,153,1788000006,303000000,รวม
171,คน,สำนักงานปลัดกระทรวงสาธารณสุข กระทรวงสาธารณสุข,จำนวนการเกิดมีชีพ จำแนกตาม กลุ่มอายุมารดา ลำดับบุตรที่เกิด เพศบุตร พ.ศ.,2558,ทั่วราชอาณาจักร,ทั่วราชอาณาจักร,35-39,ชาย,8,70,1788000006,303000000,รวม
172,คน,สำนักงานปลัดกระทรวงสาธารณสุข กระทรวงสาธารณสุข,จำนวนการเกิดมีชีพ จำแนกตาม กลุ่มอายุมารดา ลำดับบุตรที่เกิด เพศบุตร พ.ศ.,2558,ทั่วราชอาณาจักร,ทั่วราชอาณาจักร,35-39,ชาย,9,35,1788000006,303000000,รวม
173,คน,สำนักงานปลัดกระทรวงสาธารณสุข กระทรวงสาธารณสุข,จำนวนการเกิดมีชีพ จำแนกตาม กลุ่มอายุมารดา ลำดับบุตรที่เกิด เพศบุตร พ.ศ.,2558,ทั่วราชอาณาจักร,ทั่วราชอาณาจักร,35-39,ชาย,10,12,1788000006,303000000,รวม
174,คน,สำนักงานปลัดกระทรวงสาธารณสุข กระทรวงสาธารณสุข,จำนวนการเกิดมีชีพ จำแนกตาม กลุ่มอายุมารดา ลำดับบุตรที่เกิด เพศบุตร พ.ศ.,2558,ทั่วราชอาณาจักร,ทั่วราชอาณาจักร,35-39,ชาย,11,9,1788000006,303000000,รวม
175,คน,สำนักงานปลัดกระทรวงสาธารณสุข กระทรวงสาธารณสุข,จำนวนการเกิดมีชีพ จำแนกตาม กลุ่มอายุมารดา ลำดับบุตรที่เกิด เพศบุตร พ.ศ.,2558,ทั่วราชอาณาจักร,ทั่วราชอาณาจักร,35-39,ชาย,ไม่ทราบ,5,1788000006,303000000,รวม
176,คน,สำนักงานปลัดกระทรวงสาธารณสุข กระทรวงสาธารณสุข,จำนวนการเกิดมีชีพ จำแนกตาม กลุ่มอายุมารดา ลำดับบุตรที่เกิด เพศบุตร พ.ศ.,2558,ทั่วราชอาณาจักร,ทั่วราชอาณาจักร,35-39,หญิง,รวม,38545,1788000006,303000000,รวม
177,คน,สำนักงานปลัดกระทรวงสาธารณสุข กระทรวงสาธารณสุข,จำนวนการเกิดมีชีพ จำแนกตาม กลุ่มอายุมารดา ลำดับบุตรที่เกิด เพศบุตร พ.ศ.,2558,ทั่วราชอาณาจักร,ทั่วราชอาณาจักร,35-39,หญิง,1,13186,1788000006,303000000,รวม
178,คน,สำนักงานปลัดกระทรวงสาธารณสุข กระทรวงสาธารณสุข,จำนวนการเกิดมีชีพ จำแนกตาม กลุ่มอายุมารดา ลำดับบุตรที่เกิด เพศบุตร พ.ศ.,2558,ทั่วราชอาณาจักร,ทั่วราชอาณาจักร,35-39,หญิง,2,14944,1788000006,303000000,รวม
179,คน,สำนักงานปลัดกระทรวงสาธารณสุข กระทรวงสาธารณสุข,จำนวนการเกิดมีชีพ จำแนกตาม กลุ่มอายุมารดา ลำดับบุตรที่เกิด เพศบุตร พ.ศ.,2558,ทั่วราชอาณาจักร,ทั่วราชอาณาจักร,35-39,หญิง,3,6818,1788000006,303000000,รวม
180,คน,สำนักงานปลัดกระทรวงสาธารณสุข กระทรวงสาธารณสุข,จำนวนการเกิดมีชีพ จำแนกตาม กลุ่มอายุมารดา ลำดับบุตรที่เกิด เพศบุตร พ.ศ.,2558,ทั่วราชอาณาจักร,ทั่วราชอาณาจักร,35-39,หญิง,4,2137,1788000006,303000000,รวม
181,คน,สำนักงานปลัดกระทรวงสาธารณสุข กระทรวงสาธารณสุข,จำนวนการเกิดมีชีพ จำแนกตาม กลุ่มอายุมารดา ลำดับบุตรที่เกิด เพศบุตร พ.ศ.,2558,ทั่วราชอาณาจักร,ทั่วราชอาณาจักร,35-39,หญิง,5,780,1788000006,303000000,รวม
182,คน,สำนักงานปลัดกระทรวงสาธารณสุข กระทรวงสาธารณสุข,จำนวนการเกิดมีชีพ จำแนกตาม กลุ่มอายุมารดา ลำดับบุตรที่เกิด เพศบุตร พ.ศ.,2558,ทั่วราชอาณาจักร,ทั่วราชอาณาจักร,35-39,หญิง,6,356,1788000006,303000000,รวม
183,คน,สำนักงานปลัดกระทรวงสาธารณสุข กระทรวงสาธารณสุข,จำนวนการเกิดมีชีพ จำแนกตาม กลุ่มอายุมารดา ลำดับบุตรที่เกิด เพศบุตร พ.ศ.,2558,ทั่วราชอาณาจักร,ทั่วราชอาณาจักร,35-39,หญิง,7,166,1788000006,303000000,รวม
184,คน,สำนักงานปลัดกระทรวงสาธารณสุข กระทรวงสาธารณสุข,จำนวนการเกิดมีชีพ จำแนกตาม กลุ่มอายุมารดา ลำดับบุตรที่เกิด เพศบุตร พ.ศ.,2558,ทั่วราชอาณาจักร,ทั่วราชอาณาจักร,35-39,หญิง,8,82,1788000006,303000000,รวม
185,คน,สำนักงานปลัดกระทรวงสาธารณสุข กระทรวงสาธารณสุข,จำนวนการเกิดมีชีพ จำแนกตาม กลุ่มอายุมารดา ลำดับบุตรที่เกิด เพศบุตร พ.ศ.,2558,ทั่วราชอาณาจักร,ทั่วราชอาณาจักร,35-39,หญิง,9,33,1788000006,303000000,รวม
186,คน,สำนักงานปลัดกระทรวงสาธารณสุข กระทรวงสาธารณสุข,จำนวนการเกิดมีชีพ จำแนกตาม กลุ่มอายุมารดา ลำดับบุตรที่เกิด เพศบุตร พ.ศ.,2558,ทั่วราชอาณาจักร,ทั่วราชอาณาจักร,35-39,หญิง,10,16,1788000006,303000000,รวม
187,คน,สำนักงานปลัดกระทรวงสาธารณสุข กระทรวงสาธารณสุข,จำนวนการเกิดมีชีพ จำแนกตาม กลุ่มอายุมารดา ลำดับบุตรที่เกิด เพศบุตร พ.ศ.,2558,ทั่วราชอาณาจักร,ทั่วราชอาณาจักร,35-39,หญิง,11,6,1788000006,303000000,รวม
188,คน,สำนักงานปลัดกระทรวงสาธารณสุข กระทรวงสาธารณสุข,จำนวนการเกิดมีชีพ จำแนกตาม กลุ่มอายุมารดา ลำดับบุตรที่เกิด เพศบุตร พ.ศ.,2558,ทั่วราชอาณาจักร,ทั่วราชอาณาจักร,35-39,หญิง,ไม่ทราบ,5,1788000006,303000000,รวม
189,คน,สำนักงานปลัดกระทรวงสาธารณสุข กระทรวงสาธารณสุข,จำนวนการเกิดมีชีพ จำแนกตาม กลุ่มอายุมารดา ลำดับบุตรที่เกิด เพศบุตร พ.ศ.,2558,ทั่วราชอาณาจักร,ทั่วราชอาณาจักร,40-44,รวม,รวม,18631,1788000007,303000000,รวม
190,คน,สำนักงานปลัดกระทรวงสาธารณสุข กระทรวงสาธารณสุข,จำนวนการเกิดมีชีพ จำแนกตาม กลุ่มอายุมารดา ลำดับบุตรที่เกิด เพศบุตร พ.ศ.,2558,ทั่วราชอาณาจักร,ทั่วราชอาณาจักร,40-44,รวม,1,5781,1788000007,303000000,รวม
191,คน,สำนักงานปลัดกระทรวงสาธารณสุข กระทรวงสาธารณสุข,จำนวนการเกิดมีชีพ จำแนกตาม กลุ่มอายุมารดา ลำดับบุตรที่เกิด เพศบุตร พ.ศ.,2558,ทั่วราชอาณาจักร,ทั่วราชอาณาจักร,40-44,รวม,2,5309,1788000007,303000000,รวม
192,คน,สำนักงานปลัดกระทรวงสาธารณสุข กระทรวงสาธารณสุข,จำนวนการเกิดมีชีพ จำแนกตาม กลุ่มอายุมารดา ลำดับบุตรที่เกิด เพศบุตร พ.ศ.,2558,ทั่วราชอาณาจักร,ทั่วราชอาณาจักร,40-44,รวม,3,4103,1788000007,303000000,รวม
193,คน,สำนักงานปลัดกระทรวงสาธารณสุข กระทรวงสาธารณสุข,จำนวนการเกิดมีชีพ จำแนกตาม กลุ่มอายุมารดา ลำดับบุตรที่เกิด เพศบุตร พ.ศ.,2558,ทั่วราชอาณาจักร,ทั่วราชอาณาจักร,40-44,รวม,4,1737,1788000007,303000000,รวม
194,คน,สำนักงานปลัดกระทรวงสาธารณสุข กระทรวงสาธารณสุข,จำนวนการเกิดมีชีพ จำแนกตาม กลุ่มอายุมารดา ลำดับบุตรที่เกิด เพศบุตร พ.ศ.,2558,ทั่วราชอาณาจักร,ทั่วราชอาณาจักร,40-44,รวม,5,758,1788000007,303000000,รวม
195,คน,สำนักงานปลัดกระทรวงสาธารณสุข กระทรวงสาธารณสุข,จำนวนการเกิดมีชีพ จำแนกตาม กลุ่มอายุมารดา ลำดับบุตรที่เกิด เพศบุตร พ.ศ.,2558,ทั่วราชอาณาจักร,ทั่วราชอาณาจักร,40-44,รวม,6,387,1788000007,303000000,รวม
196,คน,สำนักงานปลัดกระทรวงสาธารณสุข กระทรวงสาธารณสุข,จำนวนการเกิดมีชีพ จำแนกตาม กลุ่มอายุมารดา ลำดับบุตรที่เกิด เพศบุตร พ.ศ.,2558,ทั่วราชอาณาจักร,ทั่วราชอาณาจักร,40-44,รวม,7,214,1788000007,303000000,รวม
197,คน,สำนักงานปลัดกระทรวงสาธารณสุข กระทรวงสาธารณสุข,จำนวนการเกิดมีชีพ จำแนกตาม กลุ่มอายุมารดา ลำดับบุตรที่เกิด เพศบุตร พ.ศ.,2558,ทั่วราชอาณาจักร,ทั่วราชอาณาจักร,40-44,รวม,8,151,1788000007,303000000,รวม
198,คน,สำนักงานปลัดกระทรวงสาธารณสุข กระทรวงสาธารณสุข,จำนวนการเกิดมีชีพ จำแนกตาม กลุ่มอายุมารดา ลำดับบุตรที่เกิด เพศบุตร พ.ศ.,2558,ทั่วราชอาณาจักร,ทั่วราชอาณาจักร,40-44,รวม,9,78,1788000007,303000000,รวม
199,คน,สำนักงานปลัดกระทรวงสาธารณสุข กระทรวงสาธารณสุข,จำนวนการเกิดมีชีพ จำแนกตาม กลุ่มอายุมารดา ลำดับบุตรที่เกิด เพศบุตร พ.ศ.,2558,ทั่วราชอาณาจักร,ทั่วราชอาณาจักร,40-44,รวม,10,50,1788000007,303000000,รวม
200,คน,สำนักงานปลัดกระทรวงสาธารณสุข กระทรวงสาธารณสุข,จำนวนการเกิดมีชีพ จำแนกตาม กลุ่มอายุมารดา ลำดับบุตรที่เกิด เพศบุตร พ.ศ.,2558,ทั่วราชอาณาจักร,ทั่วราชอาณาจักร,40-44,รวม,11,25,1788000007,303000000,รวม
201,คน,สำนักงานปลัดกระทรวงสาธารณสุข กระทรวงสาธารณสุข,จำนวนการเกิดมีชีพ จำแนกตาม กลุ่มอายุมารดา ลำดับบุตรที่เกิด เพศบุตร พ.ศ.,2558,ทั่วราชอาณาจักร,ทั่วราชอาณาจักร,40-44,รวม,12,11,1788000007,303000000,รวม
202,คน,สำนักงานปลัดกระทรวงสาธารณสุข กระทรวงสาธารณสุข,จำนวนการเกิดมีชีพ จำแนกตาม กลุ่มอายุมารดา ลำดับบุตรที่เกิด เพศบุตร พ.ศ.,2558,ทั่วราชอาณาจักร,ทั่วราชอาณาจักร,40-44,รวม,13,7,1788000007,303000000,รวม
203,คน,สำนักงานปลัดกระทรวงสาธารณสุข กระทรวงสาธารณสุข,จำนวนการเกิดมีชีพ จำแนกตาม กลุ่มอายุมารดา ลำดับบุตรที่เกิด เพศบุตร พ.ศ.,2558,ทั่วราชอาณาจักร,ทั่วราชอาณาจักร,40-44,รวม,ไม่ทราบ,6,1788000007,303000000,รวม
204,คน,สำนักงานปลัดกระทรวงสาธารณสุข กระทรวงสาธารณสุข,จำนวนการเกิดมีชีพ จำแนกตาม กลุ่มอายุมารดา ลำดับบุตรที่เกิด เพศบุตร พ.ศ.,2558,ทั่วราชอาณาจักร,ทั่วราชอาณาจักร,40-44,ชาย,รวม,9522,1788000007,303000000,รวม
205,คน,สำนักงานปลัดกระทรวงสาธารณสุข กระทรวงสาธารณสุข,จำนวนการเกิดมีชีพ จำแนกตาม กลุ่มอายุมารดา ลำดับบุตรที่เกิด เพศบุตร พ.ศ.,2558,ทั่วราชอาณาจักร,ทั่วราชอาณาจักร,40-44,ชาย,1,3027,1788000007,303000000,รวม
206,คน,สำนักงานปลัดกระทรวงสาธารณสุข กระทรวงสาธารณสุข,จำนวนการเกิดมีชีพ จำแนกตาม กลุ่มอายุมารดา ลำดับบุตรที่เกิด เพศบุตร พ.ศ.,2558,ทั่วราชอาณาจักร,ทั่วราชอาณาจักร,40-44,ชาย,2,2698,1788000007,303000000,รวม
207,คน,สำนักงานปลัดกระทรวงสาธารณสุข กระทรวงสาธารณสุข,จำนวนการเกิดมีชีพ จำแนกตาม กลุ่มอายุมารดา ลำดับบุตรที่เกิด เพศบุตร พ.ศ.,2558,ทั่วราชอาณาจักร,ทั่วราชอาณาจักร,40-44,ชาย,3,2034,1788000007,303000000,รวม
208,คน,สำนักงานปลัดกระทรวงสาธารณสุข กระทรวงสาธารณสุข,จำนวนการเกิดมีชีพ จำแนกตาม กลุ่มอายุมารดา ลำดับบุตรที่เกิด เพศบุตร พ.ศ.,2558,ทั่วราชอาณาจักร,ทั่วราชอาณาจักร,40-44,ชาย,4,888,1788000007,303000000,รวม
209,คน,สำนักงานปลัดกระทรวงสาธารณสุข กระทรวงสาธารณสุข,จำนวนการเกิดมีชีพ จำแนกตาม กลุ่มอายุมารดา ลำดับบุตรที่เกิด เพศบุตร พ.ศ.,2558,ทั่วราชอาณาจักร,ทั่วราชอาณาจักร,40-44,ชาย,5,397,1788000007,303000000,รวม
210,คน,สำนักงานปลัดกระทรวงสาธารณสุข กระทรวงสาธารณสุข,จำนวนการเกิดมีชีพ จำแนกตาม กลุ่มอายุมารดา ลำดับบุตรที่เกิด เพศบุตร พ.ศ.,2558,ทั่วราชอาณาจักร,ทั่วราชอาณาจักร,40-44,ชาย,6,188,1788000007,303000000,รวม
211,คน,สำนักงานปลัดกระทรวงสาธารณสุข กระทรวงสาธารณสุข,จำนวนการเกิดมีชีพ จำแนกตาม กลุ่มอายุมารดา ลำดับบุตรที่เกิด เพศบุตร พ.ศ.,2558,ทั่วราชอาณาจักร,ทั่วราชอาณาจักร,40-44,ชาย,7,113,1788000007,303000000,รวม
212,คน,สำนักงานปลัดกระทรวงสาธารณสุข กระทรวงสาธารณสุข,จำนวนการเกิดมีชีพ จำแนกตาม กลุ่มอายุมารดา ลำดับบุตรที่เกิด เพศบุตร พ.ศ.,2558,ทั่วราชอาณาจักร,ทั่วราชอาณาจักร,40-44,ชาย,8,80,1788000007,303000000,รวม
213,คน,สำนักงานปลัดกระทรวงสาธารณสุข กระทรวงสาธารณสุข,จำนวนการเกิดมีชีพ จำแนกตาม กลุ่มอายุมารดา ลำดับบุตรที่เกิด เพศบุตร พ.ศ.,2558,ทั่วราชอาณาจักร,ทั่วราชอาณาจักร,40-44,ชาย,9,42,1788000007,303000000,รวม
214,คน,สำนักงานปลัดกระทรวงสาธารณสุข กระทรวงสาธารณสุข,จำนวนการเกิดมีชีพ จำแนกตาม กลุ่มอายุมารดา ลำดับบุตรที่เกิด เพศบุตร พ.ศ.,2558,ทั่วราชอาณาจักร,ทั่วราชอาณาจักร,40-44,ชาย,10,26,1788000007,303000000,รวม
215,คน,สำนักงานปลัดกระทรวงสาธารณสุข กระทรวงสาธารณสุข,จำนวนการเกิดมีชีพ จำแนกตาม กลุ่มอายุมารดา ลำดับบุตรที่เกิด เพศบุตร พ.ศ.,2558,ทั่วราชอาณาจักร,ทั่วราชอาณาจักร,40-44,ชาย,11,11,1788000007,303000000,รวม
216,คน,สำนักงานปลัดกระทรวงสาธารณสุข กระทรวงสาธารณสุข,จำนวนการเกิดมีชีพ จำแนกตาม กลุ่มอายุมารดา ลำดับบุตรที่เกิด เพศบุตร พ.ศ.,2558,ทั่วราชอาณาจักร,ทั่วราชอาณาจักร,40-44,ชาย,12,5,1788000007,303000000,รวม
217,คน,สำนักงานปลัดกระทรวงสาธารณสุข กระทรวงสาธารณสุข,จำนวนการเกิดมีชีพ จำแนกตาม กลุ่มอายุมารดา ลำดับบุตรที่เกิด เพศบุตร พ.ศ.,2558,ทั่วราชอาณาจักร,ทั่วราชอาณาจักร,40-44,ชาย,13,3,1788000007,303000000,รวม
218,คน,สำนักงานปลัดกระทรวงสาธารณสุข กระทรวงสาธารณสุข,จำนวนการเกิดมีชีพ จำแนกตาม กลุ่มอายุมารดา ลำดับบุตรที่เกิด เพศบุตร พ.ศ.,2558,ทั่วราชอาณาจักร,ทั่วราชอาณาจักร,40-44,ชาย,ไม่ทราบ,2,1788000007,303000000,รวม
219,คน,สำนักงานปลัดกระทรวงสาธารณสุข กระทรวงสาธารณสุข,จำนวนการเกิดมีชีพ จำแนกตาม กลุ่มอายุมารดา ลำดับบุตรที่เกิด เพศบุตร พ.ศ.,2558,ทั่วราชอาณาจักร,ทั่วราชอาณาจักร,40-44,หญิง,รวม,9109,1788000007,303000000,รวม
220,คน,สำนักงานปลัดกระทรวงสาธารณสุข กระทรวงสาธารณสุข,จำนวนการเกิดมีชีพ จำแนกตาม กลุ่มอายุมารดา ลำดับบุตรที่เกิด เพศบุตร พ.ศ.,2558,ทั่วราชอาณาจักร,ทั่วราชอาณาจักร,40-44,หญิง,1,2754,1788000007,303000000,รวม
221,คน,สำนักงานปลัดกระทรวงสาธารณสุข กระทรวงสาธารณสุข,จำนวนการเกิดมีชีพ จำแนกตาม กลุ่มอายุมารดา ลำดับบุตรที่เกิด เพศบุตร พ.ศ.,2558,ทั่วราชอาณาจักร,ทั่วราชอาณาจักร,40-44,หญิง,2,2611,1788000007,303000000,รวม
222,คน,สำนักงานปลัดกระทรวงสาธารณสุข กระทรวงสาธารณสุข,จำนวนการเกิดมีชีพ จำแนกตาม กลุ่มอายุมารดา ลำดับบุตรที่เกิด เพศบุตร พ.ศ.,2558,ทั่วราชอาณาจักร,ทั่วราชอาณาจักร,40-44,หญิง,3,2069,1788000007,303000000,รวม
223,คน,สำนักงานปลัดกระทรวงสาธารณสุข กระทรวงสาธารณสุข,จำนวนการเกิดมีชีพ จำแนกตาม กลุ่มอายุมารดา ลำดับบุตรที่เกิด เพศบุตร พ.ศ.,2558,ทั่วราชอาณาจักร,ทั่วราชอาณาจักร,40-44,หญิง,4,849,1788000007,303000000,รวม
224,คน,สำนักงานปลัดกระทรวงสาธารณสุข กระทรวงสาธารณสุข,จำนวนการเกิดมีชีพ จำแนกตาม กลุ่มอายุมารดา ลำดับบุตรที่เกิด เพศบุตร พ.ศ.,2558,ทั่วราชอาณาจักร,ทั่วราชอาณาจักร,40-44,หญิง,5,361,1788000007,303000000,รวม
225,คน,สำนักงานปลัดกระทรวงสาธารณสุข กระทรวงสาธารณสุข,จำนวนการเกิดมีชีพ จำแนกตาม กลุ่มอายุมารดา ลำดับบุตรที่เกิด เพศบุตร พ.ศ.,2558,ทั่วราชอาณาจักร,ทั่วราชอาณาจักร,40-44,หญิง,6,199,1788000007,303000000,รวม
226,คน,สำนักงานปลัดกระทรวงสาธารณสุข กระทรวงสาธารณสุข,จำนวนการเกิดมีชีพ จำแนกตาม กลุ่มอายุมารดา ลำดับบุตรที่เกิด เพศบุตร พ.ศ.,2558,ทั่วราชอาณาจักร,ทั่วราชอาณาจักร,40-44,หญิง,7,101,1788000007,303000000,รวม
227,คน,สำนักงานปลัดกระทรวงสาธารณสุข กระทรวงสาธารณสุข,จำนวนการเกิดมีชีพ จำแนกตาม กลุ่มอายุมารดา ลำดับบุตรที่เกิด เพศบุตร พ.ศ.,2558,ทั่วราชอาณาจักร,ทั่วราชอาณาจักร,40-44,หญิง,8,71,1788000007,303000000,รวม
228,คน,สำนักงานปลัดกระทรวงสาธารณสุข กระทรวงสาธารณสุข,จำนวนการเกิดมีชีพ จำแนกตาม กลุ่มอายุมารดา ลำดับบุตรที่เกิด เพศบุตร พ.ศ.,2558,ทั่วราชอาณาจักร,ทั่วราชอาณาจักร,40-44,หญิง,9,36,1788000007,303000000,รวม
229,คน,สำนักงานปลัดกระทรวงสาธารณสุข กระทรวงสาธารณสุข,จำนวนการเกิดมีชีพ จำแนกตาม กลุ่มอายุมารดา ลำดับบุตรที่เกิด เพศบุตร พ.ศ.,2558,ทั่วราชอาณาจักร,ทั่วราชอาณาจักร,40-44,หญิง,10,24,1788000007,303000000,รวม
230,คน,สำนักงานปลัดกระทรวงสาธารณสุข กระทรวงสาธารณสุข,จำนวนการเกิดมีชีพ จำแนกตาม กลุ่มอายุมารดา ลำดับบุตรที่เกิด เพศบุตร พ.ศ.,2558,ทั่วราชอาณาจักร,ทั่วราชอาณาจักร,40-44,หญิง,11,14,1788000007,303000000,รวม
231,คน,สำนักงานปลัดกระทรวงสาธารณสุข กระทรวงสาธารณสุข,จำนวนการเกิดมีชีพ จำแนกตาม กลุ่มอายุมารดา ลำดับบุตรที่เกิด เพศบุตร พ.ศ.,2558,ทั่วราชอาณาจักร,ทั่วราชอาณาจักร,40-44,หญิง,12,6,1788000007,303000000,รวม
232,คน,สำนักงานปลัดกระทรวงสาธารณสุข กระทรวงสาธารณสุข,จำนวนการเกิดมีชีพ จำแนกตาม กลุ่มอายุมารดา ลำดับบุตรที่เกิด เพศบุตร พ.ศ.,2558,ทั่วราชอาณาจักร,ทั่วราชอาณาจักร,40-44,หญิง,13,4,1788000007,303000000,รวม
233,คน,สำนักงานปลัดกระทรวงสาธารณสุข กระทรวงสาธารณสุข,จำนวนการเกิดมีชีพ จำแนกตาม กลุ่มอายุมารดา ลำดับบุตรที่เกิด เพศบุตร พ.ศ.,2558,ทั่วราชอาณาจักร,ทั่วราชอาณาจักร,40-44,หญิง,ไม่ทราบ,4,1788000007,303000000,รวม
234,คน,สำนักงานปลัดกระทรวงสาธารณสุข กระทรวงสาธารณสุข,จำนวนการเกิดมีชีพ จำแนกตาม กลุ่มอายุมารดา ลำดับบุตรที่เกิด เพศบุตร พ.ศ.,2558,ทั่วราชอาณาจักร,ทั่วราชอาณาจักร,45-49,รวม,รวม,1072,1788000008,303000000,รวม
235,คน,สำนักงานปลัดกระทรวงสาธารณสุข กระทรวงสาธารณสุข,จำนวนการเกิดมีชีพ จำแนกตาม กลุ่มอายุมารดา ลำดับบุตรที่เกิด เพศบุตร พ.ศ.,2558,ทั่วราชอาณาจักร,ทั่วราชอาณาจักร,45-49,รวม,1,330,1788000008,303000000,รวม
236,คน,สำนักงานปลัดกระทรวงสาธารณสุข กระทรวงสาธารณสุข,จำนวนการเกิดมีชีพ จำแนกตาม กลุ่มอายุมารดา ลำดับบุตรที่เกิด เพศบุตร พ.ศ.,2558,ทั่วราชอาณาจักร,ทั่วราชอาณาจักร,45-49,รวม,2,196,1788000008,303000000,รวม
237,คน,สำนักงานปลัดกระทรวงสาธารณสุข กระทรวงสาธารณสุข,จำนวนการเกิดมีชีพ จำแนกตาม กลุ่มอายุมารดา ลำดับบุตรที่เกิด เพศบุตร พ.ศ.,2558,ทั่วราชอาณาจักร,ทั่วราชอาณาจักร,45-49,รวม,3,213,1788000008,303000000,รวม
238,คน,สำนักงานปลัดกระทรวงสาธารณสุข กระทรวงสาธารณสุข,จำนวนการเกิดมีชีพ จำแนกตาม กลุ่มอายุมารดา ลำดับบุตรที่เกิด เพศบุตร พ.ศ.,2558,ทั่วราชอาณาจักร,ทั่วราชอาณาจักร,45-49,รวม,4,128,1788000008,303000000,รวม
239,คน,สำนักงานปลัดกระทรวงสาธารณสุข กระทรวงสาธารณสุข,จำนวนการเกิดมีชีพ จำแนกตาม กลุ่มอายุมารดา ลำดับบุตรที่เกิด เพศบุตร พ.ศ.,2558,ทั่วราชอาณาจักร,ทั่วราชอาณาจักร,45-49,รวม,5,83,1788000008,303000000,รวม
240,คน,สำนักงานปลัดกระทรวงสาธารณสุข กระทรวงสาธารณสุข,จำนวนการเกิดมีชีพ จำแนกตาม กลุ่มอายุมารดา ลำดับบุตรที่เกิด เพศบุตร พ.ศ.,2558,ทั่วราชอาณาจักร,ทั่วราชอาณาจักร,45-49,รวม,6,39,1788000008,303000000,รวม
241,คน,สำนักงานปลัดกระทรวงสาธารณสุข กระทรวงสาธารณสุข,จำนวนการเกิดมีชีพ จำแนกตาม กลุ่มอายุมารดา ลำดับบุตรที่เกิด เพศบุตร พ.ศ.,2558,ทั่วราชอาณาจักร,ทั่วราชอาณาจักร,45-49,รวม,7,13,1788000008,303000000,รวม
242,คน,สำนักงานปลัดกระทรวงสาธารณสุข กระทรวงสาธารณสุข,จำนวนการเกิดมีชีพ จำแนกตาม กลุ่มอายุมารดา ลำดับบุตรที่เกิด เพศบุตร พ.ศ.,2558,ทั่วราชอาณาจักร,ทั่วราชอาณาจักร,45-49,รวม,8,28,1788000008,303000000,รวม
243,คน,สำนักงานปลัดกระทรวงสาธารณสุข กระทรวงสาธารณสุข,จำนวนการเกิดมีชีพ จำแนกตาม กลุ่มอายุมารดา ลำดับบุตรที่เกิด เพศบุตร พ.ศ.,2558,ทั่วราชอาณาจักร,ทั่วราชอาณาจักร,45-49,รวม,9,10,1788000008,303000000,รวม
244,คน,สำนักงานปลัดกระทรวงสาธารณสุข กระทรวงสาธารณสุข,จำนวนการเกิดมีชีพ จำแนกตาม กลุ่มอายุมารดา ลำดับบุตรที่เกิด เพศบุตร พ.ศ.,2558,ทั่วราชอาณาจักร,ทั่วราชอาณาจักร,45-49,รวม,10,13,1788000008,303000000,รวม
245,คน,สำนักงานปลัดกระทรวงสาธารณสุข กระทรวงสาธารณสุข,จำนวนการเกิดมีชีพ จำแนกตาม กลุ่มอายุมารดา ลำดับบุตรที่เกิด เพศบุตร พ.ศ.,2558,ทั่วราชอาณาจักร,ทั่วราชอาณาจักร,45-49,รวม,11,11,1788000008,303000000,รวม
246,คน,สำนักงานปลัดกระทรวงสาธารณสุข กระทรวงสาธารณสุข,จำนวนการเกิดมีชีพ จำแนกตาม กลุ่มอายุมารดา ลำดับบุตรที่เกิด เพศบุตร พ.ศ.,2558,ทั่วราชอาณาจักร,ทั่วราชอาณาจักร,45-49,รวม,12,5,1788000008,303000000,รวม
247,คน,สำนักงานปลัดกระทรวงสาธารณสุข กระทรวงสาธารณสุข,จำนวนการเกิดมีชีพ จำแนกตาม กลุ่มอายุมารดา ลำดับบุตรที่เกิด เพศบุตร พ.ศ.,2558,ทั่วราชอาณาจักร,ทั่วราชอาณาจักร,45-49,รวม,13,1,1788000008,303000000,รวม
248,คน,สำนักงานปลัดกระทรวงสาธารณสุข กระทรวงสาธารณสุข,จำนวนการเกิดมีชีพ จำแนกตาม กลุ่มอายุมารดา ลำดับบุตรที่เกิด เพศบุตร พ.ศ.,2558,ทั่วราชอาณาจักร,ทั่วราชอาณาจักร,45-49,ชาย,รวม,565,1788000008,303000000,รวม
249,คน,สำนักงานปลัดกระทรวงสาธารณสุข กระทรวงสาธารณสุข,จำนวนการเกิดมีชีพ จำแนกตาม กลุ่มอายุมารดา ลำดับบุตรที่เกิด เพศบุตร พ.ศ.,2558,ทั่วราชอาณาจักร,ทั่วราชอาณาจักร,45-49,ชาย,1,179,1788000008,303000000,รวม
250,คน,สำนักงานปลัดกระทรวงสาธารณสุข กระทรวงสาธารณสุข,จำนวนการเกิดมีชีพ จำแนกตาม กลุ่มอายุมารดา ลำดับบุตรที่เกิด เพศบุตร พ.ศ.,2558,ทั่วราชอาณาจักร,ทั่วราชอาณาจักร,45-49,ชาย,2,106,1788000008,303000000,รวม
251,คน,สำนักงานปลัดกระทรวงสาธารณสุข กระทรวงสาธารณสุข,จำนวนการเกิดมีชีพ จำแนกตาม กลุ่มอายุมารดา ลำดับบุตรที่เกิด เพศบุตร พ.ศ.,2558,ทั่วราชอาณาจักร,ทั่วราชอาณาจักร,45-49,ชาย,3,106,1788000008,303000000,รวม
252,คน,สำนักงานปลัดกระทรวงสาธารณสุข กระทรวงสาธารณสุข,จำนวนการเกิดมีชีพ จำแนกตาม กลุ่มอายุมารดา ลำดับบุตรที่เกิด เพศบุตร พ.ศ.,2558,ทั่วราชอาณาจักร,ทั่วราชอาณาจักร,45-49,ชาย,4,67,1788000008,303000000,รวม
253,คน,สำนักงานปลัดกระทรวงสาธารณสุข กระทรวงสาธารณสุข,จำนวนการเกิดมีชีพ จำแนกตาม กลุ่มอายุมารดา ลำดับบุตรที่เกิด เพศบุตร พ.ศ.,2558,ทั่วราชอาณาจักร,ทั่วราชอาณาจักร,45-49,ชาย,5,43,1788000008,303000000,รวม
254,คน,สำนักงานปลัดกระทรวงสาธารณสุข กระทรวงสาธารณสุข,จำนวนการเกิดมีชีพ จำแนกตาม กลุ่มอายุมารดา ลำดับบุตรที่เกิด เพศบุตร พ.ศ.,2558,ทั่วราชอาณาจักร,ทั่วราชอาณาจักร,45-49,ชาย,6,15,1788000008,303000000,รวม
255,คน,สำนักงานปลัดกระทรวงสาธารณสุข กระทรวงสาธารณสุข,จำนวนการเกิดมีชีพ จำแนกตาม กลุ่มอายุมารดา ลำดับบุตรที่เกิด เพศบุตร พ.ศ.,2558,ทั่วราชอาณาจักร,ทั่วราชอาณาจักร,45-49,ชาย,7,6,1788000008,303000000,รวม
256,คน,สำนักงานปลัดกระทรวงสาธารณสุข กระทรวงสาธารณสุข,จำนวนการเกิดมีชีพ จำแนกตาม กลุ่มอายุมารดา ลำดับบุตรที่เกิด เพศบุตร พ.ศ.,2558,ทั่วราชอาณาจักร,ทั่วราชอาณาจักร,45-49,ชาย,8,22,1788000008,303000000,รวม
257,คน,สำนักงานปลัดกระทรวงสาธารณสุข กระทรวงสาธารณสุข,จำนวนการเกิดมีชีพ จำแนกตาม กลุ่มอายุมารดา ลำดับบุตรที่เกิด เพศบุตร พ.ศ.,2558,ทั่วราชอาณาจักร,ทั่วราชอาณาจักร,45-49,ชาย,9,7,1788000008,303000000,รวม
258,คน,สำนักงานปลัดกระทรวงสาธารณสุข กระทรวงสาธารณสุข,จำนวนการเกิดมีชีพ จำแนกตาม กลุ่มอายุมารดา ลำดับบุตรที่เกิด เพศบุตร พ.ศ.,2558,ทั่วราชอาณาจักร,ทั่วราชอาณาจักร,45-49,ชาย,10,6,1788000008,303000000,รวม
259,คน,สำนักงานปลัดกระทรวงสาธารณสุข กระทรวงสาธารณสุข,จำนวนการเกิดมีชีพ จำแนกตาม กลุ่มอายุมารดา ลำดับบุตรที่เกิด เพศบุตร พ.ศ.,2558,ทั่วราชอาณาจักร,ทั่วราชอาณาจักร,45-49,ชาย,11,5,1788000008,303000000,รวม
260,คน,สำนักงานปลัดกระทรวงสาธารณสุข กระทรวงสาธารณสุข,จำนวนการเกิดมีชีพ จำแนกตาม กลุ่มอายุมารดา ลำดับบุตรที่เกิด เพศบุตร พ.ศ.,2558,ทั่วราชอาณาจักร,ทั่วราชอาณาจักร,45-49,ชาย,12,3,1788000008,303000000,รวม
261,คน,สำนักงานปลัดกระทรวงสาธารณสุข กระทรวงสาธารณสุข,จำนวนการเกิดมีชีพ จำแนกตาม กลุ่มอายุมารดา ลำดับบุตรที่เกิด เพศบุตร พ.ศ.,2558,ทั่วราชอาณาจักร,ทั่วราชอาณาจักร,45-49,หญิง,รวม,507,1788000008,303000000,รวม
262,คน,สำนักงานปลัดกระทรวงสาธารณสุข กระทรวงสาธารณสุข,จำนวนการเกิดมีชีพ จำแนกตาม กลุ่มอายุมารดา ลำดับบุตรที่เกิด เพศบุตร พ.ศ.,2558,ทั่วราชอาณาจักร,ทั่วราชอาณาจักร,45-49,หญิง,1,151,1788000008,303000000,รวม
263,คน,สำนักงานปลัดกระทรวงสาธารณสุข กระทรวงสาธารณสุข,จำนวนการเกิดมีชีพ จำแนกตาม กลุ่มอายุมารดา ลำดับบุตรที่เกิด เพศบุตร พ.ศ.,2558,ทั่วราชอาณาจักร,ทั่วราชอาณาจักร,45-49,หญิง,2,90,1788000008,303000000,รวม
264,คน,สำนักงานปลัดกระทรวงสาธารณสุข กระทรวงสาธารณสุข,จำนวนการเกิดมีชีพ จำแนกตาม กลุ่มอายุมารดา ลำดับบุตรที่เกิด เพศบุตร พ.ศ.,2558,ทั่วราชอาณาจักร,ทั่วราชอาณาจักร,45-49,หญิง,3,107,1788000008,303000000,รวม
265,คน,สำนักงานปลัดกระทรวงสาธารณสุข กระทรวงสาธารณสุข,จำนวนการเกิดมีชีพ จำแนกตาม กลุ่มอายุมารดา ลำดับบุตรที่เกิด เพศบุตร พ.ศ.,2558,ทั่วราชอาณาจักร,ทั่วราชอาณาจักร,45-49,หญิง,4,61,1788000008,303000000,รวม
266,คน,สำนักงานปลัดกระทรวงสาธารณสุข กระทรวงสาธารณสุข,จำนวนการเกิดมีชีพ จำแนกตาม กลุ่มอายุมารดา ลำดับบุตรที่เกิด เพศบุตร พ.ศ.,2558,ทั่วราชอาณาจักร,ทั่วราชอาณาจักร,45-49,หญิง,5,40,1788000008,303000000,รวม
267,คน,สำนักงานปลัดกระทรวงสาธารณสุข กระทรวงสาธารณสุข,จำนวนการเกิดมีชีพ จำแนกตาม กลุ่มอายุมารดา ลำดับบุตรที่เกิด เพศบุตร พ.ศ.,2558,ทั่วราชอาณาจักร,ทั่วราชอาณาจักร,45-49,หญิง,6,24,1788000008,303000000,รวม
268,คน,สำนักงานปลัดกระทรวงสาธารณสุข กระทรวงสาธารณสุข,จำนวนการเกิดมีชีพ จำแนกตาม กลุ่มอายุมารดา ลำดับบุตรที่เกิด เพศบุตร พ.ศ.,2558,ทั่วราชอาณาจักร,ทั่วราชอาณาจักร,45-49,หญิง,7,7,1788000008,303000000,รวม
269,คน,สำนักงานปลัดกระทรวงสาธารณสุข กระทรวงสาธารณสุข,จำนวนการเกิดมีชีพ จำแนกตาม กลุ่มอายุมารดา ลำดับบุตรที่เกิด เพศบุตร พ.ศ.,2558,ทั่วราชอาณาจักร,ทั่วราชอาณาจักร,45-49,หญิง,8,6,1788000008,303000000,รวม
270,คน,สำนักงานปลัดกระทรวงสาธารณสุข กระทรวงสาธารณสุข,จำนวนการเกิดมีชีพ จำแนกตาม กลุ่มอายุมารดา ลำดับบุตรที่เกิด เพศบุตร พ.ศ.,2558,ทั่วราชอาณาจักร,ทั่วราชอาณาจักร,45-49,หญิง,9,3,1788000008,303000000,รวม
271,คน,สำนักงานปลัดกระทรวงสาธารณสุข กระทรวงสาธารณสุข,จำนวนการเกิดมีชีพ จำแนกตาม กลุ่มอายุมารดา ลำดับบุตรที่เกิด เพศบุตร พ.ศ.,2558,ทั่วราชอาณาจักร,ทั่วราชอาณาจักร,45-49,หญิง,10,7,1788000008,303000000,รวม
272,คน,สำนักงานปลัดกระทรวงสาธารณสุข กระทรวงสาธารณสุข,จำนวนการเกิดมีชีพ จำแนกตาม กลุ่มอายุมารดา ลำดับบุตรที่เกิด เพศบุตร พ.ศ.,2558,ทั่วราชอาณาจักร,ทั่วราชอาณาจักร,45-49,หญิง,11,6,1788000008,303000000,รวม
273,คน,สำนักงานปลัดกระทรวงสาธารณสุข กระทรวงสาธารณสุข,จำนวนการเกิดมีชีพ จำแนกตาม กลุ่มอายุมารดา ลำดับบุตรที่เกิด เพศบุตร พ.ศ.,2558,ทั่วราชอาณาจักร,ทั่วราชอาณาจักร,45-49,หญิง,12,2,1788000008,303000000,รวม
274,คน,สำนักงานปลัดกระทรวงสาธารณสุข กระทรวงสาธารณสุข,จำนวนการเกิดมีชีพ จำแนกตาม กลุ่มอายุมารดา ลำดับบุตรที่เกิด เพศบุตร พ.ศ.,2558,ทั่วราชอาณาจักร,ทั่วราชอาณาจักร,45-49,หญิง,13,1,1788000008,303000000,รวม
275,คน,สำนักงานปลัดกระทรวงสาธารณสุข กระทรวงสาธารณสุข,จำนวนการเกิดมีชีพ จำแนกตาม กลุ่มอายุมารดา ลำดับบุตรที่เกิด เพศบุตร พ.ศ.,2558,ทั่วราชอาณาจักร,ทั่วราชอาณาจักร,50 และมากกว่า,รวม,รวม,54,1788000009,303000000,รวม
276,คน,สำนักงานปลัดกระทรวงสาธารณสุข กระทรวงสาธารณสุข,จำนวนการเกิดมีชีพ จำแนกตาม กลุ่มอายุมารดา ลำดับบุตรที่เกิด เพศบุตร พ.ศ.,2558,ทั่วราชอาณาจักร,ทั่วราชอาณาจักร,50 และมากกว่า,รวม,1,14,1788000009,303000000,รวม
277,คน,สำนักงานปลัดกระทรวงสาธารณสุข กระทรวงสาธารณสุข,จำนวนการเกิดมีชีพ จำแนกตาม กลุ่มอายุมารดา ลำดับบุตรที่เกิด เพศบุตร พ.ศ.,2558,ทั่วราชอาณาจักร,ทั่วราชอาณาจักร,50 และมากกว่า,รวม,2,12,1788000009,303000000,รวม
278,คน,สำนักงานปลัดกระทรวงสาธารณสุข กระทรวงสาธารณสุข,จำนวนการเกิดมีชีพ จำแนกตาม กลุ่มอายุมารดา ลำดับบุตรที่เกิด เพศบุตร พ.ศ.,2558,ทั่วราชอาณาจักร,ทั่วราชอาณาจักร,50 และมากกว่า,รวม,3,10,1788000009,303000000,รวม
279,คน,สำนักงานปลัดกระทรวงสาธารณสุข กระทรวงสาธารณสุข,จำนวนการเกิดมีชีพ จำแนกตาม กลุ่มอายุมารดา ลำดับบุตรที่เกิด เพศบุตร พ.ศ.,2558,ทั่วราชอาณาจักร,ทั่วราชอาณาจักร,50 และมากกว่า,รวม,4,7,1788000009,303000000,รวม
280,คน,สำนักงานปลัดกระทรวงสาธารณสุข กระทรวงสาธารณสุข,จำนวนการเกิดมีชีพ จำแนกตาม กลุ่มอายุมารดา ลำดับบุตรที่เกิด เพศบุตร พ.ศ.,2558,ทั่วราชอาณาจักร,ทั่วราชอาณาจักร,50 และมากกว่า,รวม,5,3,1788000009,303000000,รวม
281,คน,สำนักงานปลัดกระทรวงสาธารณสุข กระทรวงสาธารณสุข,จำนวนการเกิดมีชีพ จำแนกตาม กลุ่มอายุมารดา ลำดับบุตรที่เกิด เพศบุตร พ.ศ.,2558,ทั่วราชอาณาจักร,ทั่วราชอาณาจักร,50 และมากกว่า,รวม,6,2,1788000009,303000000,รวม
282,คน,สำนักงานปลัดกระทรวงสาธารณสุข กระทรวงสาธารณสุข,จำนวนการเกิดมีชีพ จำแนกตาม กลุ่มอายุมารดา ลำดับบุตรที่เกิด เพศบุตร พ.ศ.,2558,ทั่วราชอาณาจักร,ทั่วราชอาณาจักร,50 และมากกว่า,รวม,7,3,1788000009,303000000,รวม
283,คน,สำนักงานปลัดกระทรวงสาธารณสุข กระทรวงสาธารณสุข,จำนวนการเกิดมีชีพ จำแนกตาม กลุ่มอายุมารดา ลำดับบุตรที่เกิด เพศบุตร พ.ศ.,2558,ทั่วราชอาณาจักร,ทั่วราชอาณาจักร,50 และมากกว่า,รวม,8,2,1788000009,303000000,รวม
284,คน,สำนักงานปลัดกระทรวงสาธารณสุข กระทรวงสาธารณสุข,จำนวนการเกิดมีชีพ จำแนกตาม กลุ่มอายุมารดา ลำดับบุตรที่เกิด เพศบุตร พ.ศ.,2558,ทั่วราชอาณาจักร,ทั่วราชอาณาจักร,50 และมากกว่า,รวม,10,1,1788000009,303000000,รวม
285,คน,สำนักงานปลัดกระทรวงสาธารณสุข กระทรวงสาธารณสุข,จำนวนการเกิดมีชีพ จำแนกตาม กลุ่มอายุมารดา ลำดับบุตรที่เกิด เพศบุตร พ.ศ.,2558,ทั่วราชอาณาจักร,ทั่วราชอาณาจักร,50 และมากกว่า,ชาย,รวม,28,1788000009,303000000,รวม
286,คน,สำนักงานปลัดกระทรวงสาธารณสุข กระทรวงสาธารณสุข,จำนวนการเกิดมีชีพ จำแนกตาม กลุ่มอายุมารดา ลำดับบุตรที่เกิด เพศบุตร พ.ศ.,2558,ทั่วราชอาณาจักร,ทั่วราชอาณาจักร,50 และมากกว่า,ชาย,1,7,1788000009,303000000,รวม
287,คน,สำนักงานปลัดกระทรวงสาธารณสุข กระทรวงสาธารณสุข,จำนวนการเกิดมีชีพ จำแนกตาม กลุ่มอายุมารดา ลำดับบุตรที่เกิด เพศบุตร พ.ศ.,2558,ทั่วราชอาณาจักร,ทั่วราชอาณาจักร,50 และมากกว่า,ชาย,2,8,1788000009,303000000,รวม
288,คน,สำนักงานปลัดกระทรวงสาธารณสุข กระทรวงสาธารณสุข,จำนวนการเกิดมีชีพ จำแนกตาม กลุ่มอายุมารดา ลำดับบุตรที่เกิด เพศบุตร พ.ศ.,2558,ทั่วราชอาณาจักร,ทั่วราชอาณาจักร,50 และมากกว่า,ชาย,3,6,1788000009,303000000,รวม
289,คน,สำนักงานปลัดกระทรวงสาธารณสุข กระทรวงสาธารณสุข,จำนวนการเกิดมีชีพ จำแนกตาม กลุ่มอายุมารดา ลำดับบุตรที่เกิด เพศบุตร พ.ศ.,2558,ทั่วราชอาณาจักร,ทั่วราชอาณาจักร,50 และมากกว่า,ชาย,4,2,1788000009,303000000,รวม
290,คน,สำนักงานปลัดกระทรวงสาธารณสุข กระทรวงสาธารณสุข,จำนวนการเกิดมีชีพ จำแนกตาม กลุ่มอายุมารดา ลำดับบุตรที่เกิด เพศบุตร พ.ศ.,2558,ทั่วราชอาณาจักร,ทั่วราชอาณาจักร,50 และมากกว่า,ชาย,5,1,1788000009,303000000,รวม
291,คน,สำนักงานปลัดกระทรวงสาธารณสุข กระทรวงสาธารณสุข,จำนวนการเกิดมีชีพ จำแนกตาม กลุ่มอายุมารดา ลำดับบุตรที่เกิด เพศบุตร พ.ศ.,2558,ทั่วราชอาณาจักร,ทั่วราชอาณาจักร,50 และมากกว่า,ชาย,6,1,1788000009,303000000,รวม
292,คน,สำนักงานปลัดกระทรวงสาธารณสุข กระทรวงสาธารณสุข,จำนวนการเกิดมีชีพ จำแนกตาม กลุ่มอายุมารดา ลำดับบุตรที่เกิด เพศบุตร พ.ศ.,2558,ทั่วราชอาณาจักร,ทั่วราชอาณาจักร,50 และมากกว่า,ชาย,7,2,1788000009,303000000,รวม
293,คน,สำนักงานปลัดกระทรวงสาธารณสุข กระทรวงสาธารณสุข,จำนวนการเกิดมีชีพ จำแนกตาม กลุ่มอายุมารดา ลำดับบุตรที่เกิด เพศบุตร พ.ศ.,2558,ทั่วราชอาณาจักร,ทั่วราชอาณาจักร,50 และมากกว่า,ชาย,8,1,1788000009,303000000,รวม
294,คน,สำนักงานปลัดกระทรวงสาธารณสุข กระทรวงสาธารณสุข,จำนวนการเกิดมีชีพ จำแนกตาม กลุ่มอายุมารดา ลำดับบุตรที่เกิด เพศบุตร พ.ศ.,2558,ทั่วราชอาณาจักร,ทั่วราชอาณาจักร,50 และมากกว่า,หญิง,รวม,26,1788000009,303000000,รวม
295,คน,สำนักงานปลัดกระทรวงสาธารณสุข กระทรวงสาธารณสุข,จำนวนการเกิดมีชีพ จำแนกตาม กลุ่มอายุมารดา ลำดับบุตรที่เกิด เพศบุตร พ.ศ.,2558,ทั่วราชอาณาจักร,ทั่วราชอาณาจักร,50 และมากกว่า,หญิง,1,7,1788000009,303000000,รวม
296,คน,สำนักงานปลัดกระทรวงสาธารณสุข กระทรวงสาธารณสุข,จำนวนการเกิดมีชีพ จำแนกตาม กลุ่มอายุมารดา ลำดับบุตรที่เกิด เพศบุตร พ.ศ.,2558,ทั่วราชอาณาจักร,ทั่วราชอาณาจักร,50 และมากกว่า,หญิง,2,4,1788000009,303000000,รวม
297,คน,สำนักงานปลัดกระทรวงสาธารณสุข กระทรวงสาธารณสุข,จำนวนการเกิดมีชีพ จำแนกตาม กลุ่มอายุมารดา ลำดับบุตรที่เกิด เพศบุตร พ.ศ.,2558,ทั่วราชอาณาจักร,ทั่วราชอาณาจักร,50 และมากกว่า,หญิง,3,4,1788000009,303000000,รวม
298,คน,สำนักงานปลัดกระทรวงสาธารณสุข กระทรวงสาธารณสุข,จำนวนการเกิดมีชีพ จำแนกตาม กลุ่มอายุมารดา ลำดับบุตรที่เกิด เพศบุตร พ.ศ.,2558,ทั่วราชอาณาจักร,ทั่วราชอาณาจักร,50 และมากกว่า,หญิง,4,5,1788000009,303000000,รวม
299,คน,สำนักงานปลัดกระทรวงสาธารณสุข กระทรวงสาธารณสุข,จำนวนการเกิดมีชีพ จำแนกตาม กลุ่มอายุมารดา ลำดับบุตรที่เกิด เพศบุตร พ.ศ.,2558,ทั่วราชอาณาจักร,ทั่วราชอาณาจักร,50 และมากกว่า,หญิง,5,2,1788000009,303000000,รวม
300,คน,สำนักงานปลัดกระทรวงสาธารณสุข กระทรวงสาธารณสุข,จำนวนการเกิดมีชีพ จำแนกตาม กลุ่มอายุมารดา ลำดับบุตรที่เกิด เพศบุตร พ.ศ.,2558,ทั่วราชอาณาจักร,ทั่วราชอาณาจักร,50 และมากกว่า,หญิง,6,1,1788000009,303000000,รวม
301,คน,สำนักงานปลัดกระทรวงสาธารณสุข กระทรวงสาธารณสุข,จำนวนการเกิดมีชีพ จำแนกตาม กลุ่มอายุมารดา ลำดับบุตรที่เกิด เพศบุตร พ.ศ.,2558,ทั่วราชอาณาจักร,ทั่วราชอาณาจักร,50 และมากกว่า,หญิง,7,1,1788000009,303000000,รวม
302,คน,สำนักงานปลัดกระทรวงสาธารณสุข กระทรวงสาธารณสุข,จำนวนการเกิดมีชีพ จำแนกตาม กลุ่มอายุมารดา ลำดับบุตรที่เกิด เพศบุตร พ.ศ.,2558,ทั่วราชอาณาจักร,ทั่วราชอาณาจักร,50 และมากกว่า,หญิง,8,1,1788000009,303000000,รวม
303,คน,สำนักงานปลัดกระทรวงสาธารณสุข กระทรวงสาธารณสุข,จำนวนการเกิดมีชีพ จำแนกตาม กลุ่มอายุมารดา ลำดับบุตรที่เกิด เพศบุตร พ.ศ.,2558,ทั่วราชอาณาจักร,ทั่วราชอาณาจักร,50 และมากกว่า,หญิง,10,1,1788000009,303000000,รวม
304,คน,สำนักงานปลัดกระทรวงสาธารณสุข กระทรวงสาธารณสุข,จำนวนการเกิดมีชีพ จำแนกตาม กลุ่มอายุมารดา ลำดับบุตรที่เกิด เพศบุตร พ.ศ.,2558,ทั่วราชอาณาจักร,ทั่วราชอาณาจักร,ไม่ทราบ,รวม,รวม,493,1788000999,303000000,รวม
305,คน,สำนักงานปลัดกระทรวงสาธารณสุข กระทรวงสาธารณสุข,จำนวนการเกิดมีชีพ จำแนกตาม กลุ่มอายุมารดา ลำดับบุตรที่เกิด เพศบุตร พ.ศ.,2558,ทั่วราชอาณาจักร,ทั่วราชอาณาจักร,ไม่ทราบ,รวม,1,239,1788000999,303000000,รวม
306,คน,สำนักงานปลัดกระทรวงสาธารณสุข กระทรวงสาธารณสุข,จำนวนการเกิดมีชีพ จำแนกตาม กลุ่มอายุมารดา ลำดับบุตรที่เกิด เพศบุตร พ.ศ.,2558,ทั่วราชอาณาจักร,ทั่วราชอาณาจักร,ไม่ทราบ,รวม,2,159,1788000999,303000000,รวม
307,คน,สำนักงานปลัดกระทรวงสาธารณสุข กระทรวงสาธารณสุข,จำนวนการเกิดมีชีพ จำแนกตาม กลุ่มอายุมารดา ลำดับบุตรที่เกิด เพศบุตร พ.ศ.,2558,ทั่วราชอาณาจักร,ทั่วราชอาณาจักร,ไม่ทราบ,รวม,3,51,1788000999,303000000,รวม
308,คน,สำนักงานปลัดกระทรวงสาธารณสุข กระทรวงสาธารณสุข,จำนวนการเกิดมีชีพ จำแนกตาม กลุ่มอายุมารดา ลำดับบุตรที่เกิด เพศบุตร พ.ศ.,2558,ทั่วราชอาณาจักร,ทั่วราชอาณาจักร,ไม่ทราบ,รวม,4,21,1788000999,303000000,รวม
309,คน,สำนักงานปลัดกระทรวงสาธารณสุข กระทรวงสาธารณสุข,จำนวนการเกิดมีชีพ จำแนกตาม กลุ่มอายุมารดา ลำดับบุตรที่เกิด เพศบุตร พ.ศ.,2558,ทั่วราชอาณาจักร,ทั่วราชอาณาจักร,ไม่ทราบ,รวม,5,11,1788000999,303000000,รวม
310,คน,สำนักงานปลัดกระทรวงสาธารณสุข กระทรวงสาธารณสุข,จำนวนการเกิดมีชีพ จำแนกตาม กลุ่มอายุมารดา ลำดับบุตรที่เกิด เพศบุตร พ.ศ.,2558,ทั่วราชอาณาจักร,ทั่วราชอาณาจักร,ไม่ทราบ,รวม,6,6,1788000999,303000000,รวม
311,คน,สำนักงานปลัดกระทรวงสาธารณสุข กระทรวงสาธารณสุข,จำนวนการเกิดมีชีพ จำแนกตาม กลุ่มอายุมารดา ลำดับบุตรที่เกิด เพศบุตร พ.ศ.,2558,ทั่วราชอาณาจักร,ทั่วราชอาณาจักร,ไม่ทราบ,รวม,8,3,1788000999,303000000,รวม
312,คน,สำนักงานปลัดกระทรวงสาธารณสุข กระทรวงสาธารณสุข,จำนวนการเกิดมีชีพ จำแนกตาม กลุ่มอายุมารดา ลำดับบุตรที่เกิด เพศบุตร พ.ศ.,2558,ทั่วราชอาณาจักร,ทั่วราชอาณาจักร,ไม่ทราบ,รวม,9,1,1788000999,303000000,รวม
313,คน,สำนักงานปลัดกระทรวงสาธารณสุข กระทรวงสาธารณสุข,จำนวนการเกิดมีชีพ จำแนกตาม กลุ่มอายุมารดา ลำดับบุตรที่เกิด เพศบุตร พ.ศ.,2558,ทั่วราชอาณาจักร,ทั่วราชอาณาจักร,ไม่ทราบ,ชาย,รวม,267,1788000999,303000000,รวม
314,คน,สำนักงานปลัดกระทรวงสาธารณสุข กระทรวงสาธารณสุข,จำนวนการเกิดมีชีพ จำแนกตาม กลุ่มอายุมารดา ลำดับบุตรที่เกิด เพศบุตร พ.ศ.,2558,ทั่วราชอาณาจักร,ทั่วราชอาณาจักร,ไม่ทราบ,ชาย,1,118,1788000999,303000000,รวม
315,คน,สำนักงานปลัดกระทรวงสาธารณสุข กระทรวงสาธารณสุข,จำนวนการเกิดมีชีพ จำแนกตาม กลุ่มอายุมารดา ลำดับบุตรที่เกิด เพศบุตร พ.ศ.,2558,ทั่วราชอาณาจักร,ทั่วราชอาณาจักร,ไม่ทราบ,ชาย,2,88,1788000999,303000000,รวม
316,คน,สำนักงานปลัดกระทรวงสาธารณสุข กระทรวงสาธารณสุข,จำนวนการเกิดมีชีพ จำแนกตาม กลุ่มอายุมารดา ลำดับบุตรที่เกิด เพศบุตร พ.ศ.,2558,ทั่วราชอาณาจักร,ทั่วราชอาณาจักร,ไม่ทราบ,ชาย,3,31,1788000999,303000000,รวม
317,คน,สำนักงานปลัดกระทรวงสาธารณสุข กระทรวงสาธารณสุข,จำนวนการเกิดมีชีพ จำแนกตาม กลุ่มอายุมารดา ลำดับบุตรที่เกิด เพศบุตร พ.ศ.,2558,ทั่วราชอาณาจักร,ทั่วราชอาณาจักร,ไม่ทราบ,ชาย,4,15,1788000999,303000000,รวม
318,คน,สำนักงานปลัดกระทรวงสาธารณสุข กระทรวงสาธารณสุข,จำนวนการเกิดมีชีพ จำแนกตาม กลุ่มอายุมารดา ลำดับบุตรที่เกิด เพศบุตร พ.ศ.,2558,ทั่วราชอาณาจักร,ทั่วราชอาณาจักร,ไม่ทราบ,ชาย,5,6,1788000999,303000000,รวม
319,คน,สำนักงานปลัดกระทรวงสาธารณสุข กระทรวงสาธารณสุข,จำนวนการเกิดมีชีพ จำแนกตาม กลุ่มอายุมารดา ลำดับบุตรที่เกิด เพศบุตร พ.ศ.,2558,ทั่วราชอาณาจักร,ทั่วราชอาณาจักร,ไม่ทราบ,ชาย,6,6,1788000999,303000000,รวม
320,คน,สำนักงานปลัดกระทรวงสาธารณสุข กระทรวงสาธารณสุข,จำนวนการเกิดมีชีพ จำแนกตาม กลุ่มอายุมารดา ลำดับบุตรที่เกิด เพศบุตร พ.ศ.,2558,ทั่วราชอาณาจักร,ทั่วราชอาณาจักร,ไม่ทราบ,ชาย,8,1,1788000999,303000000,รวม
321,คน,สำนักงานปลัดกระทรวงสาธารณสุข กระทรวงสาธารณสุข,จำนวนการเกิดมีชีพ จำแนกตาม กลุ่มอายุมารดา ลำดับบุตรที่เกิด เพศบุตร พ.ศ.,2558,ทั่วราชอาณาจักร,ทั่วราชอาณาจักร,ไม่ทราบ,หญิง,รวม,226,1788000999,303000000,รวม
322,คน,สำนักงานปลัดกระทรวงสาธารณสุข กระทรวงสาธารณสุข,จำนวนการเกิดมีชีพ จำแนกตาม กลุ่มอายุมารดา ลำดับบุตรที่เกิด เพศบุตร พ.ศ.,2558,ทั่วราชอาณาจักร,ทั่วราชอาณาจักร,ไม่ทราบ,หญิง,1,121,1788000999,303000000,รวม
323,คน,สำนักงานปลัดกระทรวงสาธารณสุข กระทรวงสาธารณสุข,จำนวนการเกิดมีชีพ จำแนกตาม กลุ่มอายุมารดา ลำดับบุตรที่เกิด เพศบุตร พ.ศ.,2558,ทั่วราชอาณาจักร,ทั่วราชอาณาจักร,ไม่ทราบ,หญิง,2,71,1788000999,303000000,รวม
324,คน,สำนักงานปลัดกระทรวงสาธารณสุข กระทรวงสาธารณสุข,จำนวนการเกิดมีชีพ จำแนกตาม กลุ่มอายุมารดา ลำดับบุตรที่เกิด เพศบุตร พ.ศ.,2558,ทั่วราชอาณาจักร,ทั่วราชอาณาจักร,ไม่ทราบ,หญิง,3,20,1788000999,303000000,รวม
325,คน,สำนักงานปลัดกระทรวงสาธารณสุข กระทรวงสาธารณสุข,จำนวนการเกิดมีชีพ จำแนกตาม กลุ่มอายุมารดา ลำดับบุตรที่เกิด เพศบุตร พ.ศ.,2558,ทั่วราชอาณาจักร,ทั่วราชอาณาจักร,ไม่ทราบ,หญิง,4,6,1788000999,303000000,รวม
326,คน,สำนักงานปลัดกระทรวงสาธารณสุข กระทรวงสาธารณสุข,จำนวนการเกิดมีชีพ จำแนกตาม กลุ่มอายุมารดา ลำดับบุตรที่เกิด เพศบุตร พ.ศ.,2558,ทั่วราชอาณาจักร,ทั่วราชอาณาจักร,ไม่ทราบ,หญิง,5,5,1788000999,303000000,รวม
327,คน,สำนักงานปลัดกระทรวงสาธารณสุข กระทรวงสาธารณสุข,จำนวนการเกิดมีชีพ จำแนกตาม กลุ่มอายุมารดา ลำดับบุตรที่เกิด เพศบุตร พ.ศ.,2558,ทั่วราชอาณาจักร,ทั่วราชอาณาจักร,ไม่ทราบ,หญิง,8,2,1788000999,303000000,รวม
328,คน,สำนักงานปลัดกระทรวงสาธารณสุข กระทรวงสาธารณสุข,จำนวนการเกิดมีชีพ จำแนกตาม กลุ่มอายุมารดา ลำดับบุตรที่เกิด เพศบุตร พ.ศ.,2558,ทั่วราชอาณาจักร,ทั่วราชอาณาจักร,ไม่ทราบ,หญิง,9,1,1788000999,303000000,รวม
